-- MySQL Administrator dump 1.4
--
-- ------------------------------------------------------
-- Server version	5.0.51a-3ubuntu5.4


/*!40101 SET @OLD_CHARACTER_SET_CLIENT=@@CHARACTER_SET_CLIENT */;
/*!40101 SET @OLD_CHARACTER_SET_RESULTS=@@CHARACTER_SET_RESULTS */;
/*!40101 SET @OLD_COLLATION_CONNECTION=@@COLLATION_CONNECTION */;
/*!40101 SET NAMES utf8 */;

/*!40014 SET @OLD_UNIQUE_CHECKS=@@UNIQUE_CHECKS, UNIQUE_CHECKS=0 */;
/*!40014 SET @OLD_FOREIGN_KEY_CHECKS=@@FOREIGN_KEY_CHECKS, FOREIGN_KEY_CHECKS=0 */;
/*!40101 SET @OLD_SQL_MODE=@@SQL_MODE, SQL_MODE='NO_AUTO_VALUE_ON_ZERO' */;


--
-- Create schema sissan
--

CREATE DATABASE IF NOT EXISTS sissan;
USE sissan;

--
-- Definition of table `sissan`.`auth_group`
--

DROP TABLE IF EXISTS `sissan`.`auth_group`;
CREATE TABLE  `sissan`.`auth_group` (
  `id` int(11) NOT NULL auto_increment,
  `name` varchar(80) NOT NULL,
  PRIMARY KEY  (`id`),
  UNIQUE KEY `name` (`name`)
) ENGINE=MyISAM DEFAULT CHARSET=latin1;

--
-- Dumping data for table `sissan`.`auth_group`
--

/*!40000 ALTER TABLE `auth_group` DISABLE KEYS */;
LOCK TABLES `auth_group` WRITE;
UNLOCK TABLES;
/*!40000 ALTER TABLE `auth_group` ENABLE KEYS */;


--
-- Definition of table `sissan`.`auth_group_permissions`
--

DROP TABLE IF EXISTS `sissan`.`auth_group_permissions`;
CREATE TABLE  `sissan`.`auth_group_permissions` (
  `id` int(11) NOT NULL auto_increment,
  `group_id` int(11) NOT NULL,
  `permission_id` int(11) NOT NULL,
  PRIMARY KEY  (`id`),
  UNIQUE KEY `group_id` (`group_id`,`permission_id`),
  KEY `permission_id_refs_id_5886d21f` (`permission_id`)
) ENGINE=MyISAM DEFAULT CHARSET=latin1;

--
-- Dumping data for table `sissan`.`auth_group_permissions`
--

/*!40000 ALTER TABLE `auth_group_permissions` DISABLE KEYS */;
LOCK TABLES `auth_group_permissions` WRITE;
UNLOCK TABLES;
/*!40000 ALTER TABLE `auth_group_permissions` ENABLE KEYS */;


--
-- Definition of table `sissan`.`auth_message`
--

DROP TABLE IF EXISTS `sissan`.`auth_message`;
CREATE TABLE  `sissan`.`auth_message` (
  `id` int(11) NOT NULL auto_increment,
  `user_id` int(11) NOT NULL,
  `message` longtext NOT NULL,
  PRIMARY KEY  (`id`),
  KEY `auth_message_user_id` (`user_id`)
) ENGINE=MyISAM AUTO_INCREMENT=11 DEFAULT CHARSET=latin1;

--
-- Dumping data for table `sissan`.`auth_message`
--

/*!40000 ALTER TABLE `auth_message` DISABLE KEYS */;
LOCK TABLES `auth_message` WRITE;
UNLOCK TABLES;
/*!40000 ALTER TABLE `auth_message` ENABLE KEYS */;


--
-- Definition of table `sissan`.`auth_permission`
--

DROP TABLE IF EXISTS `sissan`.`auth_permission`;
CREATE TABLE  `sissan`.`auth_permission` (
  `id` int(11) NOT NULL auto_increment,
  `name` varchar(50) NOT NULL,
  `content_type_id` int(11) NOT NULL,
  `codename` varchar(100) NOT NULL,
  PRIMARY KEY  (`id`),
  UNIQUE KEY `content_type_id` (`content_type_id`,`codename`),
  KEY `auth_permission_content_type_id` (`content_type_id`)
) ENGINE=MyISAM AUTO_INCREMENT=58 DEFAULT CHARSET=latin1;

--
-- Dumping data for table `sissan`.`auth_permission`
--

/*!40000 ALTER TABLE `auth_permission` DISABLE KEYS */;
LOCK TABLES `auth_permission` WRITE;
INSERT INTO `sissan`.`auth_permission` VALUES  (1,'Can add permission',1,'add_permission'),
 (2,'Can change permission',1,'change_permission'),
 (3,'Can delete permission',1,'delete_permission'),
 (4,'Can add group',2,'add_group'),
 (5,'Can change group',2,'change_group'),
 (6,'Can delete group',2,'delete_group'),
 (7,'Can add user',3,'add_user'),
 (8,'Can change user',3,'change_user'),
 (9,'Can delete user',3,'delete_user'),
 (10,'Can add message',4,'add_message'),
 (11,'Can change message',4,'change_message'),
 (12,'Can delete message',4,'delete_message'),
 (13,'Can add content type',5,'add_contenttype'),
 (14,'Can change content type',5,'change_contenttype'),
 (15,'Can delete content type',5,'delete_contenttype'),
 (16,'Can add session',6,'add_session'),
 (17,'Can change session',6,'change_session'),
 (18,'Can delete session',6,'delete_session'),
 (19,'Can add site',7,'add_site'),
 (20,'Can change site',7,'change_site'),
 (21,'Can delete site',7,'delete_site'),
 (22,'Can add log entry',8,'add_logentry'),
 (23,'Can change log entry',8,'change_logentry');
INSERT INTO `sissan`.`auth_permission` VALUES  (24,'Can delete log entry',8,'delete_logentry'),
 (25,'Can add version',9,'add_version'),
 (26,'Can change version',9,'change_version'),
 (27,'Can delete version',9,'delete_version'),
 (28,'Can add evolution',10,'add_evolution'),
 (29,'Can change evolution',10,'change_evolution'),
 (30,'Can delete evolution',10,'delete_evolution'),
 (31,'Can add poblacion',11,'add_poblacion'),
 (32,'Can change poblacion',11,'change_poblacion'),
 (33,'Can delete poblacion',11,'delete_poblacion'),
 (34,'Can add departamento',12,'add_departamento'),
 (35,'Can change departamento',12,'change_departamento'),
 (36,'Can delete departamento',12,'delete_departamento'),
 (37,'Can add municipio',13,'add_municipio'),
 (38,'Can change municipio',13,'change_municipio'),
 (39,'Can delete municipio',13,'delete_municipio'),
 (40,'Can add exportacion',14,'add_exportacion'),
 (41,'Can change exportacion',14,'change_exportacion'),
 (42,'Can delete exportacion',14,'delete_exportacion'),
 (43,'Can add crecimiento',15,'add_crecimiento');
INSERT INTO `sissan`.`auth_permission` VALUES  (44,'Can change crecimiento',15,'change_crecimiento'),
 (45,'Can delete crecimiento',15,'delete_crecimiento'),
 (46,'Can add esperanza',16,'add_esperanza'),
 (47,'Can change esperanza',16,'change_esperanza'),
 (48,'Can delete esperanza',16,'delete_esperanza'),
 (49,'Can add fecundidad',17,'add_fecundidad'),
 (50,'Can change fecundidad',17,'change_fecundidad'),
 (51,'Can delete fecundidad',17,'delete_fecundidad'),
 (52,'Can add mortalidad_materna',18,'add_mortalidad_materna'),
 (53,'Can change mortalidad_materna',18,'change_mortalidad_materna'),
 (54,'Can delete mortalidad_materna',18,'delete_mortalidad_materna'),
 (55,'Can add mortalidad_infantil',19,'add_mortalidad_infantil'),
 (56,'Can change mortalidad_infantil',19,'change_mortalidad_infantil'),
 (57,'Can delete mortalidad_infantil',19,'delete_mortalidad_infantil');
UNLOCK TABLES;
/*!40000 ALTER TABLE `auth_permission` ENABLE KEYS */;


--
-- Definition of table `sissan`.`auth_user`
--

DROP TABLE IF EXISTS `sissan`.`auth_user`;
CREATE TABLE  `sissan`.`auth_user` (
  `id` int(11) NOT NULL auto_increment,
  `username` varchar(30) NOT NULL,
  `first_name` varchar(30) NOT NULL,
  `last_name` varchar(30) NOT NULL,
  `email` varchar(75) NOT NULL,
  `password` varchar(128) NOT NULL,
  `is_staff` tinyint(1) NOT NULL,
  `is_active` tinyint(1) NOT NULL,
  `is_superuser` tinyint(1) NOT NULL,
  `last_login` datetime NOT NULL,
  `date_joined` datetime NOT NULL,
  PRIMARY KEY  (`id`),
  UNIQUE KEY `username` (`username`)
) ENGINE=MyISAM AUTO_INCREMENT=3 DEFAULT CHARSET=latin1;

--
-- Dumping data for table `sissan`.`auth_user`
--

/*!40000 ALTER TABLE `auth_user` DISABLE KEYS */;
LOCK TABLES `auth_user` WRITE;
INSERT INTO `sissan`.`auth_user` VALUES  (1,'django','','','byroncorrales@gmail.com','sha1$3b5ee$29b82cc2f13017d4c103c260bbef01b23bb9878a',1,1,1,'2009-07-10 13:50:19','2009-07-10 11:53:08'),
 (2,'denis','Denis ','Caceres','','sha1$864a4$e4df35d537a7acc238b7ef2ce75af5cfd2140963',1,1,0,'2009-07-10 14:51:14','2009-07-10 13:48:42');
UNLOCK TABLES;
/*!40000 ALTER TABLE `auth_user` ENABLE KEYS */;


--
-- Definition of table `sissan`.`auth_user_groups`
--

DROP TABLE IF EXISTS `sissan`.`auth_user_groups`;
CREATE TABLE  `sissan`.`auth_user_groups` (
  `id` int(11) NOT NULL auto_increment,
  `user_id` int(11) NOT NULL,
  `group_id` int(11) NOT NULL,
  PRIMARY KEY  (`id`),
  UNIQUE KEY `user_id` (`user_id`,`group_id`),
  KEY `group_id_refs_id_f116770` (`group_id`)
) ENGINE=MyISAM DEFAULT CHARSET=latin1;

--
-- Dumping data for table `sissan`.`auth_user_groups`
--

/*!40000 ALTER TABLE `auth_user_groups` DISABLE KEYS */;
LOCK TABLES `auth_user_groups` WRITE;
UNLOCK TABLES;
/*!40000 ALTER TABLE `auth_user_groups` ENABLE KEYS */;


--
-- Definition of table `sissan`.`auth_user_user_permissions`
--

DROP TABLE IF EXISTS `sissan`.`auth_user_user_permissions`;
CREATE TABLE  `sissan`.`auth_user_user_permissions` (
  `id` int(11) NOT NULL auto_increment,
  `user_id` int(11) NOT NULL,
  `permission_id` int(11) NOT NULL,
  PRIMARY KEY  (`id`),
  UNIQUE KEY `user_id` (`user_id`,`permission_id`),
  KEY `permission_id_refs_id_67e79cb` (`permission_id`)
) ENGINE=MyISAM AUTO_INCREMENT=22 DEFAULT CHARSET=latin1;

--
-- Dumping data for table `sissan`.`auth_user_user_permissions`
--

/*!40000 ALTER TABLE `auth_user_user_permissions` DISABLE KEYS */;
LOCK TABLES `auth_user_user_permissions` WRITE;
INSERT INTO `sissan`.`auth_user_user_permissions` VALUES  (1,2,32),
 (2,2,33),
 (3,2,34),
 (4,2,35),
 (5,2,36),
 (6,2,37),
 (7,2,38),
 (8,2,39),
 (9,2,40),
 (10,2,41),
 (11,2,42),
 (12,2,43),
 (13,2,44),
 (14,2,45),
 (15,2,46),
 (16,2,47),
 (17,2,48),
 (18,2,49),
 (19,2,50),
 (20,2,51),
 (21,2,31);
UNLOCK TABLES;
/*!40000 ALTER TABLE `auth_user_user_permissions` ENABLE KEYS */;


--
-- Definition of table `sissan`.`demografico_poblacion`
--

DROP TABLE IF EXISTS `sissan`.`demografico_poblacion`;
CREATE TABLE  `sissan`.`demografico_poblacion` (
  `id` int(11) NOT NULL auto_increment,
  `ano` int(11) NOT NULL,
  `departamento_id` decimal(2,0) NOT NULL,
  `total_ambos_sexos` int(11) NOT NULL,
  `total_hombre` int(11) NOT NULL,
  `total_mujer` int(11) NOT NULL,
  `urbano_ambos_sexos` int(11) NOT NULL,
  `urbano_hombre` int(11) NOT NULL,
  `urbano_mujer` int(11) NOT NULL,
  `rural_ambos_sexos` int(11) NOT NULL,
  `rural_hombre` int(11) NOT NULL,
  `rural_mujer` int(11) NOT NULL,
  PRIMARY KEY  (`id`),
  KEY `demografico_poblacion_departamento_id` (`departamento_id`)
) ENGINE=MyISAM AUTO_INCREMENT=1263 DEFAULT CHARSET=latin1;

--
-- Dumping data for table `sissan`.`demografico_poblacion`
--

/*!40000 ALTER TABLE `demografico_poblacion` DISABLE KEYS */;
LOCK TABLES `demografico_poblacion` WRITE;
INSERT INTO `sissan`.`demografico_poblacion` VALUES  (957,1990,'30',304612,152603,152009,177040,85885,91155,127572,66718,60854),
 (958,1990,'35',304902,150608,154294,167300,79679,87621,137602,70929,66673),
 (959,1990,'55',953530,459575,493955,877830,419287,458543,75700,40288,35412),
 (960,1990,'60',205632,101777,103855,119238,57908,61330,86394,43869,42525),
 (961,1990,'70',135926,67008,68918,85906,41139,44767,50020,25869,24151),
 (962,1990,'75',133639,66342,67297,77657,37412,40245,55982,28930,27052),
 (963,1990,'80',125302,62936,62366,40160,19317,20843,85142,43619,41523),
 (964,1990,'5',128748,65164,63584,57842,27910,29932,70906,37254,33652),
 (965,1990,'20',99159,50368,48791,24234,11484,12750,74925,38884,36041),
 (966,1990,'25',156002,76857,79145,81911,38292,43619,74091,38565,35526),
 (967,1990,'10',221212,112662,108550,36098,16961,19137,185114,95701,89413),
 (968,1990,'40',346230,174342,171888,95279,45075,50204,250951,129267,121684),
 (969,1990,'50',123576,61804,61772,31226,14426,16800,92350,47378,44972),
 (970,1990,'65',128859,63797,65062,59655,27773,31882,69204,36024,33180);
INSERT INTO `sissan`.`demografico_poblacion` VALUES  (971,1990,'85',60579,31793,28786,12449,6275,6174,48130,25518,22612),
 (972,1990,'91',162154,81929,80225,40804,20402,20402,121350,61527,59823),
 (973,1990,'93',232579,118342,114237,85288,41512,43776,147291,76830,70461),
 (974,1991,'30',313796,157160,156636,183610,89177,94433,130186,67983,62203),
 (975,1991,'35',311524,153958,157566,172226,82112,90114,139298,71846,67452),
 (976,1991,'55',981811,473485,508326,903263,431931,471332,78548,41554,36994),
 (977,1991,'60',213031,105499,107532,123879,60209,63670,89152,45290,43862),
 (978,1991,'70',139914,69042,70872,88677,42532,46145,51237,26510,24727),
 (979,1991,'75',136874,67995,68879,79824,38529,41295,57050,29466,27584),
 (980,1991,'80',128401,64542,63859,42058,20248,21810,86343,44294,42049),
 (981,1991,'5',132756,67151,65605,60107,29036,31071,72649,38115,34534),
 (982,1991,'20',101203,51437,49766,25134,11931,13203,76069,39506,36563),
 (983,1991,'25',159870,78783,81087,84845,39712,45133,75025,39071,35954),
 (984,1991,'10',229450,116814,112636,38920,18281,20639,190530,98533,91997);
INSERT INTO `sissan`.`demografico_poblacion` VALUES  (985,1991,'40',355847,179155,176692,101788,48178,53610,254059,130977,123082),
 (986,1991,'50',126794,63416,63378,33139,15301,17838,93655,48115,45540),
 (987,1991,'65',132466,65578,66888,62673,29210,33463,69793,36368,33425),
 (988,1991,'85',62913,32997,29916,13118,6584,6534,49795,26413,23382),
 (989,1991,'91',170107,85426,84681,44299,21579,22720,125808,63847,61961),
 (990,1991,'93',240609,122356,118253,89526,43653,45873,151083,78703,72380),
 (991,1992,'30',323249,161848,161401,190383,92574,97809,132866,69274,63592),
 (992,1992,'35',318282,157379,160903,177252,84598,92654,141030,72781,68249),
 (993,1992,'55',1010909,487808,523101,929507,444992,484515,81402,42816,38586),
 (994,1992,'60',220690,109354,111336,128692,62598,66094,91998,46756,45242),
 (995,1992,'70',144016,71137,72879,91533,43969,47564,52483,27168,25315),
 (996,1992,'75',140183,69687,70496,82043,39675,42368,58140,30012,28128),
 (997,1992,'80',131573,66187,65386,44014,21209,22805,87559,44978,42581),
 (998,1992,'5',136886,69197,67689,62446,30201,32245,74440,38996,35444);
INSERT INTO `sissan`.`demografico_poblacion` VALUES  (999,1992,'20',103286,52526,50760,26052,12388,13664,77234,40138,37096),
 (1000,1992,'25',163830,80756,83074,87850,41170,46680,75980,39586,36394),
 (1001,1992,'10',237989,121115,116874,41927,19686,22241,196062,101429,94633),
 (1002,1992,'40',365721,184097,181624,108653,51453,57200,257068,132644,124424),
 (1003,1992,'50',130093,65069,65024,35139,16215,18924,94954,48854,46100),
 (1004,1992,'65',136172,67408,68764,65797,30701,35096,70375,36707,33668),
 (1005,1992,'85',65336,34246,31090,13816,6905,6911,51520,27341,24179),
 (1006,1992,'91',177249,89071,88178,46812,22811,24001,130437,66260,64177),
 (1007,1992,'93',248910,126504,122406,93926,45880,48046,154984,80624,74360),
 (1008,1993,'30',332979,166673,166306,197368,96083,101285,135611,70590,65021),
 (1009,1993,'35',325179,160873,164306,182384,87139,95245,142795,73734,69061),
 (1010,1993,'55',1040844,502549,538295,956604,458494,498110,84240,44055,40185),
 (1011,1993,'60',228619,113348,115271,133689,65080,68609,94930,48268,46662),
 (1012,1993,'70',148235,73294,74941,94478,45453,49025,53757,27841,25916);
INSERT INTO `sissan`.`demografico_poblacion` VALUES  (1013,1993,'75',143570,71420,72150,84320,40854,43466,59250,30566,28684),
 (1014,1993,'80',134820,67873,66947,46027,22199,23828,88793,45674,43119),
 (1015,1993,'5',141141,71303,69838,64860,31405,33455,76281,39898,36383),
 (1016,1993,'20',105410,53638,51772,26989,12855,14134,78421,40783,37638),
 (1017,1993,'25',167884,82776,85108,90930,42665,48265,76954,40111,36843),
 (1018,1993,'10',246840,125572,121268,45126,21181,23945,201714,104391,97323),
 (1019,1993,'40',375860,189170,186690,115875,54901,60974,259985,134269,125716),
 (1020,1993,'50',133474,66764,66710,37226,17169,20057,96248,49595,46653),
 (1021,1993,'65',139977,69286,70691,69026,32243,36783,70951,37043,33908),
 (1022,1993,'85',67850,35541,32309,14544,7237,7307,53306,28304,25002),
 (1023,1993,'91',184687,92869,91818,49444,24102,25342,135243,68767,66476),
 (1024,1993,'93',257491,130790,126701,98493,48196,50297,158998,82594,76404),
 (1025,1994,'30',342993,171637,171356,204575,99708,104867,138418,71929,66489),
 (1026,1994,'35',332217,164439,167778,187627,89739,97888,144590,74700,69890);
INSERT INTO `sissan`.`demografico_poblacion` VALUES  (1027,1994,'55',1071639,517729,553910,984602,472456,512146,87037,45273,41764),
 (1028,1994,'60',236828,117484,119344,138878,67659,71219,97950,49825,48125),
 (1029,1994,'70',152574,75514,77060,97516,46987,50529,55058,28527,26531),
 (1030,1994,'75',147035,73194,73841,86656,42065,44591,60379,31129,29250),
 (1031,1994,'80',138143,69600,68543,48098,23218,24880,90045,46382,43663),
 (1032,1994,'5',145524,73471,72053,67353,32650,34703,78171,40821,37350),
 (1033,1994,'20',107575,54772,52803,27945,13333,14612,79630,41439,38191),
 (1034,1994,'25',172035,84845,87190,94087,44201,49886,77948,40644,37304),
 (1035,1994,'10',256013,130190,125823,48519,22766,25753,207494,107424,100070),
 (1036,1994,'40',386271,194379,191892,123451,58521,64930,262820,135858,126962),
 (1037,1994,'50',136939,68500,68439,39398,18161,21237,97541,50339,47202),
 (1038,1994,'65',143886,71216,72670,72362,33840,38522,71524,37376,34148),
 (1039,1994,'85',70459,36883,33576,15303,7582,7721,55156,29301,25855),
 (1040,1994,'91',192432,96827,95605,52198,25454,26744,140234,71373,68861);
INSERT INTO `sissan`.`demografico_poblacion` VALUES  (1041,1994,'93',266362,135217,131145,103233,50605,52628,163129,84612,78517),
 (1042,1995,'30',353300,176745,176555,212013,103454,108559,141287,73291,67996),
 (1043,1995,'35',339399,168081,171318,192984,92399,100585,146415,75682,70733),
 (1044,1995,'55',1103318,533350,569968,1013540,486902,526638,89778,46448,43330),
 (1045,1995,'60',245325,121769,123556,144268,70341,73927,101057,51428,49629),
 (1046,1995,'70',157035,77799,79236,100651,48572,52079,56384,29227,27157),
 (1047,1995,'75',150580,75011,75569,89054,43310,45744,61526,31701,29825),
 (1048,1995,'80',141546,71369,70177,50225,24267,25958,91321,47102,44219),
 (1049,1995,'5',150040,75704,74336,69929,33938,35991,80111,41766,38345),
 (1050,1995,'20',109782,55929,53853,28920,13821,15099,80862,42108,38754),
 (1051,1995,'25',176283,86963,89320,97323,45778,51545,78960,41185,37775),
 (1052,1995,'10',265522,134975,130547,52110,24443,27667,213412,110532,102880),
 (1053,1995,'40',396961,199727,197234,131377,62310,69067,265584,137417,128167),
 (1054,1995,'50',140491,70281,70210,41654,19190,22464,98837,51091,47746);
INSERT INTO `sissan`.`demografico_poblacion` VALUES  (1055,1995,'65',147900,73198,74702,75804,35489,40315,72096,37709,34387),
 (1056,1995,'85',73166,38276,34890,16094,7939,8155,57072,30337,26735),
 (1057,1995,'91',200497,100950,99547,55081,26869,28212,145416,74081,71335),
 (1058,1995,'93',275532,139791,135741,108151,53109,55042,167381,86682,80699),
 (1059,1996,'30',363151,181622,181529,216738,105976,110762,146413,75646,70767),
 (1060,1996,'35',346008,171443,174565,195795,93926,101869,150213,77517,72696),
 (1061,1996,'55',1133547,548287,585260,1029456,495551,533905,104091,52736,51355),
 (1062,1996,'60',253593,125944,127649,147855,72210,75645,105738,53734,52004),
 (1063,1996,'70',161288,79985,81303,102495,49580,52915,58793,30405,28388),
 (1064,1996,'75',153886,76711,77175,90287,44030,46257,63599,32681,30918),
 (1065,1996,'80',144727,73029,71698,51706,25027,26679,93021,48002,45019),
 (1066,1996,'5',154371,77840,76531,71615,34827,36788,82756,43013,39743),
 (1067,1996,'20',111798,56990,54808,29512,14141,15371,82286,42849,39437),
 (1068,1996,'25',180257,88947,91310,99288,46800,52488,80969,42147,38822);
INSERT INTO `sissan`.`demografico_poblacion` VALUES  (1069,1996,'10',274804,139640,135164,55149,25882,29267,219655,113758,105897),
 (1070,1996,'40',407089,204790,202299,137771,65433,72338,269318,139357,129961),
 (1071,1996,'50',143833,71956,71877,43400,20001,23399,100433,51955,48478),
 (1072,1996,'65',151706,75076,76630,78286,36724,41562,73420,38352,35068),
 (1073,1996,'85',75818,39638,36180,16691,8203,8488,59127,31435,27692),
 (1074,1996,'91',208461,105028,103433,57315,27994,29321,151146,77034,74112),
 (1075,1996,'93',284418,144215,140203,111732,55012,56720,172686,89203,83483),
 (1076,1997,'30',373269,186629,186640,224039,109710,114329,149230,76919,72311),
 (1077,1997,'35',352737,174867,177870,200856,96488,104368,151881,78379,73502),
 (1078,1997,'55',1164573,563628,600945,1057552,509826,547726,107021,53802,53219),
 (1079,1997,'60',262133,130259,131874,153244,74926,78318,108889,55333,53556),
 (1080,1997,'70',165652,82230,83422,105549,51152,54397,60103,31078,29025),
 (1081,1997,'75',157260,78447,78813,92568,45242,47326,64692,33205,31487),
 (1082,1997,'80',147976,74726,73250,53792,26069,27723,94184,48657,45527);
INSERT INTO `sissan`.`demografico_poblacion` VALUES  (1083,1997,'5',158823,80034,78789,74156,36117,38039,84667,43917,40750),
 (1084,1997,'20',113849,58069,55780,30440,14615,15825,83409,43454,39955),
 (1085,1997,'25',184316,90974,93342,102407,48346,54061,81909,42628,39281),
 (1086,1997,'10',284405,144464,139941,58950,27666,31284,225455,116798,108657),
 (1087,1997,'40',417465,209977,207488,145923,69364,76559,271542,140613,130929),
 (1088,1997,'50',147250,73670,73580,45679,21047,24632,101571,52623,48948),
 (1089,1997,'65',155606,77001,78605,81705,38383,43322,73901,38618,35283),
 (1090,1997,'85',78564,41047,37517,17498,8564,8934,61066,32483,28583),
 (1091,1997,'91',216737,109269,107468,60289,29467,30822,156448,79802,76646),
 (1092,1997,'93',293584,148775,144809,116681,57568,59113,176903,91207,85696),
 (1093,1998,'30',383658,191770,191888,231565,113563,118002,152093,78207,73886),
 (1094,1998,'35',359588,178355,181233,206022,99106,106916,153566,79249,74317),
 (1095,1998,'55',1196422,579384,617038,1086602,524601,562001,109820,54783,55037),
 (1096,1998,'60',270954,134719,136235,158838,77748,81090,112116,56971,55145);
INSERT INTO `sissan`.`demografico_poblacion` VALUES  (1097,1998,'70',170129,84536,85593,108701,52776,55925,61428,31760,29668),
 (1098,1998,'75',160705,80221,80484,94910,46487,48423,65795,33734,32061),
 (1099,1998,'80',151294,76460,74834,55924,27135,28789,95370,49325,46045),
 (1100,1998,'5',163400,82289,81111,76777,37449,39328,86623,44840,41783),
 (1101,1998,'20',115935,59168,56767,31384,15098,16286,84551,44070,40481),
 (1102,1998,'25',188462,93046,95416,105598,49930,55668,82864,43116,39748),
 (1103,1998,'10',294333,149451,144882,62934,29536,33398,231399,119915,111484),
 (1104,1998,'40',428095,215289,212806,154362,73437,80925,273733,141852,131881),
 (1105,1998,'50',150744,75422,75322,48023,22122,25901,102721,53300,49421),
 (1106,1998,'65',159603,78973,80630,85214,40089,45125,74389,38884,35505),
 (1107,1998,'85',81408,42505,38903,18336,8936,9400,63072,33569,29503),
 (1108,1998,'91',225335,113678,111657,63390,31004,32386,161945,82674,79271),
 (1109,1998,'93',303037,153476,149561,121801,60219,61582,181236,93257,87979),
 (1110,1999,'30',394327,197047,197280,239328,117543,121785,154999,79504,75495);
INSERT INTO `sissan`.`demografico_poblacion` VALUES  (1111,1999,'35',366563,181909,184654,211299,101783,109516,155264,80126,75138),
 (1112,1999,'55',1229111,595570,633541,1116645,539890,576755,112466,55680,56786),
 (1113,1999,'60',280065,139328,140737,164647,80680,83967,115418,58648,56770),
 (1114,1999,'70',174723,86904,87819,111955,54455,57500,62768,32449,30319),
 (1115,1999,'75',164221,82033,82188,97315,47768,49547,66906,34265,32641),
 (1116,1999,'80',154683,78233,76450,58103,28226,29877,96580,50007,46573),
 (1117,1999,'5',168104,84604,83500,79482,38825,40657,88622,45779,42843),
 (1118,1999,'20',118056,60286,57770,32343,15590,16753,85713,44696,41017),
 (1119,1999,'25',192696,95162,97534,108865,51553,57312,83831,43609,40222),
 (1120,1999,'10',304600,154606,149994,67099,31490,35609,237501,123116,114385),
 (1121,1999,'40',438985,220731,218254,163076,77647,85429,275909,143084,132825),
 (1122,1999,'50',154318,77214,77104,50431,23226,27205,103887,53988,49899),
 (1123,1999,'65',163699,80994,82705,88817,41844,46973,74882,39150,35732),
 (1124,1999,'85',84353,44014,40339,19208,9320,9888,65145,34694,30451);
INSERT INTO `sissan`.`demografico_poblacion` VALUES  (1125,1999,'91',234268,118261,116007,66626,32609,34017,167642,85652,81990),
 (1126,1999,'93',312787,158321,154466,127101,62968,64133,185686,95353,90333),
 (1127,2000,'30',0,0,0,0,0,0,0,0,0),
 (1128,2000,'35',0,0,0,0,0,0,0,0,0),
 (1129,2000,'55',0,0,0,0,0,0,0,0,0),
 (1130,2000,'60',0,0,0,0,0,0,0,0,0),
 (1131,2000,'70',0,0,0,0,0,0,0,0,0),
 (1132,2000,'75',0,0,0,0,0,0,0,0,0),
 (1133,2000,'80',0,0,0,0,0,0,0,0,0),
 (1134,2000,'5',0,0,0,0,0,0,0,0,0),
 (1135,2000,'20',0,0,0,0,0,0,0,0,0),
 (1136,2000,'25',0,0,0,0,0,0,0,0,0),
 (1137,2000,'10',0,0,0,0,0,0,0,0,0),
 (1138,2000,'40',0,0,0,0,0,0,0,0,0),
 (1139,2000,'50',0,0,0,0,0,0,0,0,0),
 (1140,2000,'65',0,0,0,0,0,0,0,0,0),
 (1141,2000,'85',0,0,0,0,0,0,0,0,0),
 (1142,2000,'91',0,0,0,0,0,0,0,0,0),
 (1143,2000,'93',0,0,0,0,0,0,0,0,0),
 (1144,2001,'30',0,0,0,0,0,0,0,0,0),
 (1145,2001,'35',0,0,0,0,0,0,0,0,0),
 (1146,2001,'55',0,0,0,0,0,0,0,0,0),
 (1147,2001,'60',0,0,0,0,0,0,0,0,0),
 (1148,2001,'70',0,0,0,0,0,0,0,0,0),
 (1149,2001,'75',0,0,0,0,0,0,0,0,0);
INSERT INTO `sissan`.`demografico_poblacion` VALUES  (1150,2001,'80',0,0,0,0,0,0,0,0,0),
 (1151,2001,'5',0,0,0,0,0,0,0,0,0),
 (1152,2001,'20',0,0,0,0,0,0,0,0,0),
 (1153,2001,'25',0,0,0,0,0,0,0,0,0),
 (1154,2001,'10',0,0,0,0,0,0,0,0,0),
 (1155,2001,'40',0,0,0,0,0,0,0,0,0),
 (1156,2001,'50',0,0,0,0,0,0,0,0,0),
 (1157,2001,'65',0,0,0,0,0,0,0,0,0),
 (1158,2001,'85',0,0,0,0,0,0,0,0,0),
 (1159,2001,'91',0,0,0,0,0,0,0,0,0),
 (1160,2001,'93',0,0,0,0,0,0,0,0,0),
 (1161,2002,'30',0,0,0,0,0,0,0,0,0),
 (1162,2002,'35',0,0,0,0,0,0,0,0,0),
 (1163,2002,'55',0,0,0,0,0,0,0,0,0),
 (1164,2002,'60',0,0,0,0,0,0,0,0,0),
 (1165,2002,'70',0,0,0,0,0,0,0,0,0),
 (1166,2002,'75',0,0,0,0,0,0,0,0,0),
 (1167,2002,'80',0,0,0,0,0,0,0,0,0),
 (1168,2002,'5',0,0,0,0,0,0,0,0,0),
 (1169,2002,'20',0,0,0,0,0,0,0,0,0),
 (1170,2002,'25',0,0,0,0,0,0,0,0,0),
 (1171,2002,'10',0,0,0,0,0,0,0,0,0),
 (1172,2002,'40',0,0,0,0,0,0,0,0,0),
 (1173,2002,'50',0,0,0,0,0,0,0,0,0),
 (1174,2002,'65',0,0,0,0,0,0,0,0,0),
 (1175,2002,'85',0,0,0,0,0,0,0,0,0),
 (1176,2002,'91',0,0,0,0,0,0,0,0,0);
INSERT INTO `sissan`.`demografico_poblacion` VALUES  (1177,2002,'93',0,0,0,0,0,0,0,0,0),
 (1178,2003,'30',422761,211822,210939,262085,128245,133840,160676,83577,77099),
 (1179,2003,'35',379778,189500,190278,224042,107484,116558,155736,82016,73720),
 (1180,2003,'55',1320235,643402,676833,1201622,578803,622819,118613,64599,54014),
 (1181,2003,'60',303274,151729,151545,180344,87935,92409,122930,63794,59136),
 (1182,2003,'70',184413,92376,92037,119523,57991,61532,64890,34385,30505),
 (1183,2003,'75',171818,86351,85467,103191,50584,52607,68627,35767,32860),
 (1184,2003,'80',161920,82414,79506,64448,31165,33283,97472,51249,46223),
 (1185,2003,'5',204236,102937,101299,89135,43379,45756,115101,59558,55543),
 (1186,2003,'20',128729,66114,62615,35787,17216,18571,92942,48898,44044),
 (1187,2003,'25',206006,102204,103802,120022,56639,63383,85984,45565,40419),
 (1188,2003,'10',287058,146043,141015,77021,35827,41194,210037,110216,99821),
 (1189,2003,'40',466529,235312,231217,192541,91136,101405,273988,144176,129812),
 (1190,2003,'50',162809,81777,81032,58241,26565,31676,104568,55212,49356);
INSERT INTO `sissan`.`demografico_poblacion` VALUES  (1191,2003,'65',174676,86721,87955,100424,47130,53294,74252,39591,34661),
 (1192,2003,'85',91386,47750,43636,21662,10257,11405,69724,37493,32231),
 (1193,2003,'91',243992,124024,119968,70945,34499,36446,173047,89525,83522),
 (1194,2003,'93',358095,181548,176547,145230,71824,73406,212865,109724,103141),
 (1195,2004,'30',431963,216371,215592,269100,131822,137278,162863,84549,78314),
 (1196,2004,'35',384697,192054,192643,228150,109564,118586,156547,82490,74057),
 (1197,2004,'55',1350045,658321,691724,1229492,592865,636627,120553,65456,55097),
 (1198,2004,'60',310324,155344,154980,185045,90294,94751,125279,65050,60229),
 (1199,2004,'70',187496,94012,93484,121856,59208,62648,65640,34804,30836),
 (1200,2004,'75',174471,87745,86726,105118,51619,53499,69353,36126,33227),
 (1201,2004,'80',164420,83750,80670,66281,32078,34203,98139,51672,46467),
 (1202,2004,'5',207718,104625,103093,92066,44854,47212,115652,59771,55881),
 (1203,2004,'20',130978,67308,63670,36872,17766,19106,94106,49542,44564),
 (1204,2004,'25',210657,104539,106118,123587,58389,65198,87070,46150,40920);
INSERT INTO `sissan`.`demografico_poblacion` VALUES  (1205,2004,'10',292138,148571,143567,79444,36940,42504,212694,111631,101063),
 (1206,2004,'40',475658,239879,235779,200842,95109,105733,274816,144770,130046),
 (1207,2004,'50',165686,83226,82460,60446,27555,32891,105240,55671,49569),
 (1208,2004,'65',178322,88525,89797,103833,48782,55051,74489,39743,34746),
 (1209,2004,'85',93449,48795,44654,22350,10530,11820,71099,38265,32834),
 (1210,2004,'91',248853,126575,122278,72954,35488,37466,175899,91087,84812),
 (1211,2004,'93',367950,186436,181514,151174,74888,76286,216776,111548,105228),
 (1212,2005,'30',441308,220988,220320,276270,135481,140789,165038,85507,79531),
 (1213,2005,'35',389628,194614,195014,232298,111665,120633,157330,82949,74381),
 (1214,2005,'55',1380339,673487,706852,1258146,607329,650817,122193,66158,56035),
 (1215,2005,'60',317499,159024,158475,189870,92715,97155,127629,66309,61320),
 (1216,2005,'70',190604,95663,94941,124235,60450,63785,66369,35213,31156),
 (1217,2005,'75',177142,89149,87993,107080,52673,54407,70062,36476,33586),
 (1218,2005,'80',166938,85096,81842,68123,32997,35126,98815,52099,46716);
INSERT INTO `sissan`.`demografico_poblacion` VALUES  (1219,2005,'5',211233,106355,104908,95014,46340,48674,116219,60015,56234),
 (1220,2005,'20',133250,68516,64734,37967,18323,19644,95283,50193,45090),
 (1221,2005,'25',215384,106913,108471,127225,60177,67048,88159,46736,41423),
 (1222,2005,'10',297270,151122,146148,81887,38061,43826,215383,113061,102322),
 (1223,2005,'40',484902,244500,240402,209223,99124,110099,275679,145376,130303),
 (1224,2005,'50',168590,84689,83901,62664,28549,34115,105926,56140,49786),
 (1225,2005,'65',182019,90354,91665,107288,50457,56831,74731,39897,34834),
 (1226,2005,'85',95546,49857,45689,23050,10805,12245,72496,39052,33444),
 (1227,2005,'91',253773,129158,124615,75011,36499,38512,178762,92659,86103),
 (1228,2005,'93',378022,191422,186600,157259,78030,79229,220763,113392,107371),
 (1229,2006,'30',406952,202635,204317,245709,117629,128080,161243,85006,76237),
 (1230,2006,'35',389396,191808,197588,231871,110684,121187,157525,81124,76401),
 (1231,2006,'55',1328971,640252,688719,1202918,578835,624083,126053,61417,64636),
 (1232,2006,'60',316116,156846,159270,179552,86239,93313,136564,70607,65957);
INSERT INTO `sissan`.`demografico_poblacion` VALUES  (1233,2006,'70',185549,92496,93053,121534,58412,63122,64015,34084,29931),
 (1234,2006,'75',173031,85322,87709,108146,52023,56123,64885,33299,31586),
 (1235,2006,'80',165576,83715,81861,77750,37557,40193,87826,46158,41668),
 (1236,2006,'5',224476,113450,111026,93323,44897,48426,131153,68553,62600),
 (1237,2006,'20',142945,72780,70165,43857,21271,22586,99088,51509,47579),
 (1238,2006,'25',214128,104544,109584,126399,59106,67293,87729,45438,42291),
 (1239,2006,'10',359399,183100,176299,77008,36573,40435,282391,146527,135864),
 (1240,2006,'40',495859,247650,248209,189771,91979,97792,306088,155671,150417),
 (1241,2006,'50',162049,80564,81485,51455,24679,26776,110594,55885,54709),
 (1242,2006,'65',166086,82206,83880,95193,43885,51308,70893,38321,32572),
 (1243,2006,'85',102186,53042,49144,25702,12464,13238,76484,40578,35906),
 (1244,2006,'91',358857,183142,175715,102550,50043,52507,256307,133099,123208),
 (1245,2006,'93',331030,167862,163168,127180,62418,64762,203850,105444,98406),
 (1246,2007,'30',408495,203223,205272,248111,118893,129218,160384,84330,76054);
INSERT INTO `sissan`.`demografico_poblacion` VALUES  (1247,2007,'35',390775,192388,198387,233821,111670,122151,156954,80718,76236),
 (1248,2007,'55',1347124,649004,698120,1222988,589048,633940,124136,59956,64180),
 (1249,2007,'60',321268,159285,161983,183319,88126,95193,137949,71159,66790),
 (1250,2007,'70',187449,93390,94059,123274,59299,63975,64175,34091,30084),
 (1251,2007,'75',174578,86009,88569,109446,52683,56763,65132,33326,31806),
 (1252,2007,'80',166367,84026,82341,78461,37934,40527,87906,46092,41814),
 (1253,2007,'5',227216,114702,112514,95046,45762,49284,132170,68940,63230),
 (1254,2007,'20',144711,73580,71131,44746,21719,23027,99965,51861,48104),
 (1255,2007,'25',215308,105045,110263,127775,59811,67964,87533,45234,42299),
 (1256,2007,'10',367697,187073,180624,79610,37832,41778,288087,149241,138846),
 (1257,2007,'40',501602,250234,251368,193055,93648,99407,308547,156586,151961),
 (1258,2007,'50',163381,81185,82196,52242,25077,27165,111139,56108,55031),
 (1259,2007,'65',168859,83534,85325,97179,44839,52340,71680,38695,32985),
 (1260,2007,'85',103961,53876,50085,26298,12765,13533,77663,41111,36552);
INSERT INTO `sissan`.`demografico_poblacion` VALUES  (1261,2007,'91',370516,188800,181716,107027,52263,54764,263489,136537,126952),
 (1262,2007,'93',336234,170284,165950,130409,64063,66346,205825,106221,99604);
UNLOCK TABLES;
/*!40000 ALTER TABLE `demografico_poblacion` ENABLE KEYS */;


--
-- Definition of table `sissan`.`django_admin_log`
--

DROP TABLE IF EXISTS `sissan`.`django_admin_log`;
CREATE TABLE  `sissan`.`django_admin_log` (
  `id` int(11) NOT NULL auto_increment,
  `action_time` datetime NOT NULL,
  `user_id` int(11) NOT NULL,
  `content_type_id` int(11) default NULL,
  `object_id` longtext,
  `object_repr` varchar(200) NOT NULL,
  `action_flag` smallint(5) unsigned NOT NULL,
  `change_message` longtext NOT NULL,
  PRIMARY KEY  (`id`),
  KEY `django_admin_log_user_id` (`user_id`),
  KEY `django_admin_log_content_type_id` (`content_type_id`)
) ENGINE=MyISAM AUTO_INCREMENT=331 DEFAULT CHARSET=latin1;

--
-- Dumping data for table `sissan`.`django_admin_log`
--

/*!40000 ALTER TABLE `django_admin_log` DISABLE KEYS */;
LOCK TABLES `django_admin_log` WRITE;
INSERT INTO `sissan`.`django_admin_log` VALUES  (1,'2009-07-10 12:29:02',1,11,'307','Poblacion object',1,''),
 (2,'2009-07-10 12:32:11',1,12,'25','Esteli',2,'Modificado/a nombre.'),
 (3,'2009-07-10 12:36:12',1,16,'1','Esperanza object',3,''),
 (4,'2009-07-10 12:36:12',1,16,'2','Esperanza object',3,''),
 (5,'2009-07-10 12:36:12',1,16,'3','Esperanza object',3,''),
 (6,'2009-07-10 12:36:12',1,16,'4','Esperanza object',3,''),
 (7,'2009-07-10 12:36:12',1,16,'5','Esperanza object',3,''),
 (8,'2009-07-10 12:36:12',1,16,'6','Esperanza object',3,''),
 (9,'2009-07-10 12:36:12',1,16,'7','Esperanza object',3,''),
 (10,'2009-07-10 12:36:12',1,16,'8','Esperanza object',3,''),
 (11,'2009-07-10 12:36:12',1,16,'9','Esperanza object',3,''),
 (12,'2009-07-10 12:36:12',1,16,'10','Esperanza object',3,''),
 (13,'2009-07-10 12:36:12',1,16,'11','Esperanza object',3,''),
 (14,'2009-07-10 12:36:12',1,16,'12','Esperanza object',3,''),
 (15,'2009-07-10 12:36:29',1,11,'294','Poblacion object',3,''),
 (16,'2009-07-10 12:36:29',1,11,'296','Poblacion object',3,''),
 (17,'2009-07-10 12:36:29',1,11,'293','Poblacion object',3,'');
INSERT INTO `sissan`.`django_admin_log` VALUES  (18,'2009-07-10 12:36:29',1,11,'299','Poblacion object',3,''),
 (19,'2009-07-10 12:36:29',1,11,'304','Poblacion object',3,''),
 (20,'2009-07-10 12:36:29',1,11,'292','Poblacion object',3,''),
 (21,'2009-07-10 12:36:29',1,11,'303','Poblacion object',3,''),
 (22,'2009-07-10 12:36:29',1,11,'306','Poblacion object',3,''),
 (23,'2009-07-10 12:36:29',1,11,'298','Poblacion object',3,''),
 (24,'2009-07-10 12:36:29',1,11,'290','Poblacion object',3,''),
 (25,'2009-07-10 12:36:29',1,11,'305','Poblacion object',3,''),
 (26,'2009-07-10 12:36:29',1,11,'291','Poblacion object',3,''),
 (27,'2009-07-10 12:36:29',1,11,'295','Poblacion object',3,''),
 (28,'2009-07-10 12:36:29',1,11,'297','Poblacion object',3,''),
 (29,'2009-07-10 12:36:29',1,11,'300','Poblacion object',3,''),
 (30,'2009-07-10 12:36:29',1,11,'302','Poblacion object',3,''),
 (31,'2009-07-10 12:36:29',1,11,'301','Poblacion object',3,''),
 (32,'2009-07-10 12:36:29',1,11,'276','Poblacion object',3,''),
 (33,'2009-07-10 12:36:29',1,11,'282','Poblacion object',3,'');
INSERT INTO `sissan`.`django_admin_log` VALUES  (34,'2009-07-10 12:36:29',1,11,'287','Poblacion object',3,''),
 (35,'2009-07-10 12:36:29',1,11,'275','Poblacion object',3,''),
 (36,'2009-07-10 12:36:29',1,11,'286','Poblacion object',3,''),
 (37,'2009-07-10 12:36:29',1,11,'289','Poblacion object',3,''),
 (38,'2009-07-10 12:36:29',1,11,'281','Poblacion object',3,''),
 (39,'2009-07-10 12:36:29',1,11,'273','Poblacion object',3,''),
 (40,'2009-07-10 12:36:29',1,11,'288','Poblacion object',3,''),
 (41,'2009-07-10 12:36:29',1,11,'274','Poblacion object',3,''),
 (42,'2009-07-10 12:36:29',1,11,'278','Poblacion object',3,''),
 (43,'2009-07-10 12:36:29',1,11,'280','Poblacion object',3,''),
 (44,'2009-07-10 12:36:29',1,11,'283','Poblacion object',3,''),
 (45,'2009-07-10 12:36:29',1,11,'285','Poblacion object',3,''),
 (46,'2009-07-10 12:36:29',1,11,'284','Poblacion object',3,''),
 (47,'2009-07-10 12:36:29',1,11,'277','Poblacion object',3,''),
 (48,'2009-07-10 12:36:29',1,11,'279','Poblacion object',3,''),
 (49,'2009-07-10 12:36:29',1,11,'256','Poblacion object',3,'');
INSERT INTO `sissan`.`django_admin_log` VALUES  (50,'2009-07-10 12:36:29',1,11,'271','Poblacion object',3,''),
 (51,'2009-07-10 12:36:29',1,11,'257','Poblacion object',3,''),
 (52,'2009-07-10 12:36:29',1,11,'261','Poblacion object',3,''),
 (53,'2009-07-10 12:36:29',1,11,'263','Poblacion object',3,''),
 (54,'2009-07-10 12:36:29',1,11,'266','Poblacion object',3,''),
 (55,'2009-07-10 12:36:29',1,11,'268','Poblacion object',3,''),
 (56,'2009-07-10 12:36:29',1,11,'267','Poblacion object',3,''),
 (57,'2009-07-10 12:36:29',1,11,'260','Poblacion object',3,''),
 (58,'2009-07-10 12:36:29',1,11,'262','Poblacion object',3,''),
 (59,'2009-07-10 12:36:29',1,11,'259','Poblacion object',3,''),
 (60,'2009-07-10 12:36:29',1,11,'265','Poblacion object',3,''),
 (61,'2009-07-10 12:36:29',1,11,'270','Poblacion object',3,''),
 (62,'2009-07-10 12:36:29',1,11,'258','Poblacion object',3,''),
 (63,'2009-07-10 12:36:29',1,11,'269','Poblacion object',3,''),
 (64,'2009-07-10 12:36:29',1,11,'272','Poblacion object',3,''),
 (65,'2009-07-10 12:36:29',1,11,'264','Poblacion object',3,'');
INSERT INTO `sissan`.`django_admin_log` VALUES  (66,'2009-07-10 12:36:29',1,11,'243','Poblacion object',3,''),
 (67,'2009-07-10 12:36:29',1,11,'245','Poblacion object',3,''),
 (68,'2009-07-10 12:36:29',1,11,'242','Poblacion object',3,''),
 (69,'2009-07-10 12:36:29',1,11,'248','Poblacion object',3,''),
 (70,'2009-07-10 12:36:29',1,11,'253','Poblacion object',3,''),
 (71,'2009-07-10 12:36:29',1,11,'241','Poblacion object',3,''),
 (72,'2009-07-10 12:36:29',1,11,'252','Poblacion object',3,''),
 (73,'2009-07-10 12:36:29',1,11,'255','Poblacion object',3,''),
 (74,'2009-07-10 12:36:29',1,11,'247','Poblacion object',3,''),
 (75,'2009-07-10 12:36:29',1,11,'239','Poblacion object',3,''),
 (76,'2009-07-10 12:36:29',1,11,'254','Poblacion object',3,''),
 (77,'2009-07-10 12:36:29',1,11,'240','Poblacion object',3,''),
 (78,'2009-07-10 12:36:29',1,11,'244','Poblacion object',3,''),
 (79,'2009-07-10 12:36:29',1,11,'246','Poblacion object',3,''),
 (80,'2009-07-10 12:36:29',1,11,'249','Poblacion object',3,''),
 (81,'2009-07-10 12:36:29',1,11,'251','Poblacion object',3,'');
INSERT INTO `sissan`.`django_admin_log` VALUES  (82,'2009-07-10 12:36:29',1,11,'250','Poblacion object',3,''),
 (83,'2009-07-10 12:36:29',1,11,'226','Poblacion object',3,''),
 (84,'2009-07-10 12:36:29',1,11,'228','Poblacion object',3,''),
 (85,'2009-07-10 12:36:29',1,11,'225','Poblacion object',3,''),
 (86,'2009-07-10 12:36:29',1,11,'231','Poblacion object',3,''),
 (87,'2009-07-10 12:36:29',1,11,'236','Poblacion object',3,''),
 (88,'2009-07-10 12:36:29',1,11,'224','Poblacion object',3,''),
 (89,'2009-07-10 12:36:29',1,11,'235','Poblacion object',3,''),
 (90,'2009-07-10 12:36:29',1,11,'238','Poblacion object',3,''),
 (91,'2009-07-10 12:36:29',1,11,'230','Poblacion object',3,''),
 (92,'2009-07-10 12:36:29',1,11,'222','Poblacion object',3,''),
 (93,'2009-07-10 12:36:29',1,11,'237','Poblacion object',3,''),
 (94,'2009-07-10 12:36:29',1,11,'223','Poblacion object',3,''),
 (95,'2009-07-10 12:36:29',1,11,'227','Poblacion object',3,''),
 (96,'2009-07-10 12:36:29',1,11,'229','Poblacion object',3,''),
 (97,'2009-07-10 12:36:29',1,11,'232','Poblacion object',3,'');
INSERT INTO `sissan`.`django_admin_log` VALUES  (98,'2009-07-10 12:36:29',1,11,'234','Poblacion object',3,''),
 (99,'2009-07-10 12:36:29',1,11,'233','Poblacion object',3,''),
 (100,'2009-07-10 12:36:29',1,11,'213','Poblacion object',3,''),
 (101,'2009-07-10 12:36:29',1,11,'205','Poblacion object',3,''),
 (102,'2009-07-10 12:36:29',1,11,'220','Poblacion object',3,''),
 (103,'2009-07-10 12:36:29',1,11,'206','Poblacion object',3,''),
 (104,'2009-07-10 12:36:29',1,11,'210','Poblacion object',3,''),
 (105,'2009-07-10 12:36:29',1,11,'212','Poblacion object',3,''),
 (106,'2009-07-10 12:36:29',1,11,'217','Poblacion object',3,''),
 (107,'2009-07-10 12:36:29',1,11,'209','Poblacion object',3,''),
 (108,'2009-07-10 12:36:29',1,11,'211','Poblacion object',3,''),
 (109,'2009-07-10 12:36:29',1,11,'208','Poblacion object',3,''),
 (110,'2009-07-10 12:36:29',1,11,'214','Poblacion object',3,''),
 (111,'2009-07-10 12:36:29',1,11,'219','Poblacion object',3,''),
 (112,'2009-07-10 12:36:29',1,11,'207','Poblacion object',3,''),
 (113,'2009-07-10 12:36:29',1,11,'218','Poblacion object',3,'');
INSERT INTO `sissan`.`django_admin_log` VALUES  (114,'2009-07-10 12:36:29',1,11,'221','Poblacion object',3,''),
 (115,'2009-07-10 12:36:39',1,11,'1','Poblacion object',3,''),
 (116,'2009-07-10 12:36:39',1,11,'307','Poblacion object',3,''),
 (117,'2009-07-10 12:36:39',1,11,'17','Poblacion object',3,''),
 (118,'2009-07-10 12:36:39',1,11,'16','Poblacion object',3,''),
 (119,'2009-07-10 12:36:39',1,11,'15','Poblacion object',3,''),
 (120,'2009-07-10 12:36:40',1,11,'14','Poblacion object',3,''),
 (121,'2009-07-10 12:36:40',1,11,'13','Poblacion object',3,''),
 (122,'2009-07-10 12:36:40',1,11,'12','Poblacion object',3,''),
 (123,'2009-07-10 12:36:40',1,11,'11','Poblacion object',3,''),
 (124,'2009-07-10 12:36:40',1,11,'10','Poblacion object',3,''),
 (125,'2009-07-10 12:36:40',1,11,'9','Poblacion object',3,''),
 (126,'2009-07-10 12:36:40',1,11,'2','Poblacion object',3,''),
 (127,'2009-07-10 12:36:40',1,11,'3','Poblacion object',3,''),
 (128,'2009-07-10 12:36:40',1,11,'4','Poblacion object',3,''),
 (129,'2009-07-10 12:36:40',1,11,'5','Poblacion object',3,'');
INSERT INTO `sissan`.`django_admin_log` VALUES  (130,'2009-07-10 12:36:40',1,11,'6','Poblacion object',3,''),
 (131,'2009-07-10 12:36:40',1,11,'7','Poblacion object',3,''),
 (132,'2009-07-10 12:36:40',1,11,'8','Poblacion object',3,''),
 (133,'2009-07-10 12:36:40',1,11,'28','Poblacion object',3,''),
 (134,'2009-07-10 12:36:40',1,11,'29','Poblacion object',3,''),
 (135,'2009-07-10 12:36:40',1,11,'30','Poblacion object',3,''),
 (136,'2009-07-10 12:36:40',1,11,'31','Poblacion object',3,''),
 (137,'2009-07-10 12:36:40',1,11,'32','Poblacion object',3,''),
 (138,'2009-07-10 12:36:40',1,11,'33','Poblacion object',3,''),
 (139,'2009-07-10 12:36:40',1,11,'34','Poblacion object',3,''),
 (140,'2009-07-10 12:36:40',1,11,'27','Poblacion object',3,''),
 (141,'2009-07-10 12:36:40',1,11,'26','Poblacion object',3,''),
 (142,'2009-07-10 12:36:40',1,11,'18','Poblacion object',3,''),
 (143,'2009-07-10 12:36:40',1,11,'19','Poblacion object',3,''),
 (144,'2009-07-10 12:36:40',1,11,'20','Poblacion object',3,''),
 (145,'2009-07-10 12:36:40',1,11,'21','Poblacion object',3,'');
INSERT INTO `sissan`.`django_admin_log` VALUES  (146,'2009-07-10 12:36:40',1,11,'22','Poblacion object',3,''),
 (147,'2009-07-10 12:36:40',1,11,'23','Poblacion object',3,''),
 (148,'2009-07-10 12:36:40',1,11,'24','Poblacion object',3,''),
 (149,'2009-07-10 12:36:40',1,11,'25','Poblacion object',3,''),
 (150,'2009-07-10 12:36:40',1,11,'45','Poblacion object',3,''),
 (151,'2009-07-10 12:36:40',1,11,'46','Poblacion object',3,''),
 (152,'2009-07-10 12:36:40',1,11,'47','Poblacion object',3,''),
 (153,'2009-07-10 12:36:40',1,11,'48','Poblacion object',3,''),
 (154,'2009-07-10 12:36:40',1,11,'49','Poblacion object',3,''),
 (155,'2009-07-10 12:36:40',1,11,'50','Poblacion object',3,''),
 (156,'2009-07-10 12:36:40',1,11,'51','Poblacion object',3,''),
 (157,'2009-07-10 12:36:40',1,11,'44','Poblacion object',3,''),
 (158,'2009-07-10 12:36:40',1,11,'43','Poblacion object',3,''),
 (159,'2009-07-10 12:36:40',1,11,'35','Poblacion object',3,''),
 (160,'2009-07-10 12:36:40',1,11,'36','Poblacion object',3,''),
 (161,'2009-07-10 12:36:40',1,11,'37','Poblacion object',3,'');
INSERT INTO `sissan`.`django_admin_log` VALUES  (162,'2009-07-10 12:36:40',1,11,'38','Poblacion object',3,''),
 (163,'2009-07-10 12:36:40',1,11,'39','Poblacion object',3,''),
 (164,'2009-07-10 12:36:40',1,11,'40','Poblacion object',3,''),
 (165,'2009-07-10 12:36:40',1,11,'41','Poblacion object',3,''),
 (166,'2009-07-10 12:36:40',1,11,'42','Poblacion object',3,''),
 (167,'2009-07-10 12:36:40',1,11,'62','Poblacion object',3,''),
 (168,'2009-07-10 12:36:40',1,11,'63','Poblacion object',3,''),
 (169,'2009-07-10 12:36:40',1,11,'64','Poblacion object',3,''),
 (170,'2009-07-10 12:36:40',1,11,'65','Poblacion object',3,''),
 (171,'2009-07-10 12:36:40',1,11,'66','Poblacion object',3,''),
 (172,'2009-07-10 12:36:40',1,11,'67','Poblacion object',3,''),
 (173,'2009-07-10 12:36:40',1,11,'68','Poblacion object',3,''),
 (174,'2009-07-10 12:36:40',1,11,'61','Poblacion object',3,''),
 (175,'2009-07-10 12:36:40',1,11,'60','Poblacion object',3,''),
 (176,'2009-07-10 12:36:40',1,11,'52','Poblacion object',3,''),
 (177,'2009-07-10 12:36:40',1,11,'53','Poblacion object',3,'');
INSERT INTO `sissan`.`django_admin_log` VALUES  (178,'2009-07-10 12:36:40',1,11,'54','Poblacion object',3,''),
 (179,'2009-07-10 12:36:40',1,11,'55','Poblacion object',3,''),
 (180,'2009-07-10 12:36:40',1,11,'56','Poblacion object',3,''),
 (181,'2009-07-10 12:36:40',1,11,'57','Poblacion object',3,''),
 (182,'2009-07-10 12:36:40',1,11,'58','Poblacion object',3,''),
 (183,'2009-07-10 12:36:40',1,11,'59','Poblacion object',3,''),
 (184,'2009-07-10 12:36:40',1,11,'80','Poblacion object',3,''),
 (185,'2009-07-10 12:36:40',1,11,'81','Poblacion object',3,''),
 (186,'2009-07-10 12:36:40',1,11,'82','Poblacion object',3,''),
 (187,'2009-07-10 12:36:40',1,11,'83','Poblacion object',3,''),
 (188,'2009-07-10 12:36:40',1,11,'84','Poblacion object',3,''),
 (189,'2009-07-10 12:36:40',1,11,'85','Poblacion object',3,''),
 (190,'2009-07-10 12:36:40',1,11,'76','Poblacion object',3,''),
 (191,'2009-07-10 12:36:40',1,11,'79','Poblacion object',3,''),
 (192,'2009-07-10 12:36:40',1,11,'78','Poblacion object',3,''),
 (193,'2009-07-10 12:36:40',1,11,'77','Poblacion object',3,'');
INSERT INTO `sissan`.`django_admin_log` VALUES  (194,'2009-07-10 12:36:40',1,11,'70','Poblacion object',3,''),
 (195,'2009-07-10 12:36:40',1,11,'71','Poblacion object',3,''),
 (196,'2009-07-10 12:36:40',1,11,'72','Poblacion object',3,''),
 (197,'2009-07-10 12:36:40',1,11,'73','Poblacion object',3,''),
 (198,'2009-07-10 12:36:40',1,11,'74','Poblacion object',3,''),
 (199,'2009-07-10 12:36:40',1,11,'75','Poblacion object',3,''),
 (200,'2009-07-10 12:36:40',1,11,'69','Poblacion object',3,''),
 (201,'2009-07-10 12:36:40',1,11,'98','Poblacion object',3,''),
 (202,'2009-07-10 12:36:40',1,11,'99','Poblacion object',3,''),
 (203,'2009-07-10 12:36:40',1,11,'100','Poblacion object',3,''),
 (204,'2009-07-10 12:36:40',1,11,'101','Poblacion object',3,''),
 (205,'2009-07-10 12:36:40',1,11,'102','Poblacion object',3,''),
 (206,'2009-07-10 12:36:40',1,11,'97','Poblacion object',3,''),
 (207,'2009-07-10 12:36:40',1,11,'96','Poblacion object',3,''),
 (208,'2009-07-10 12:36:40',1,11,'95','Poblacion object',3,''),
 (209,'2009-07-10 12:36:40',1,11,'94','Poblacion object',3,'');
INSERT INTO `sissan`.`django_admin_log` VALUES  (210,'2009-07-10 12:36:40',1,11,'90','Poblacion object',3,''),
 (211,'2009-07-10 12:36:40',1,11,'89','Poblacion object',3,''),
 (212,'2009-07-10 12:36:40',1,11,'87','Poblacion object',3,''),
 (213,'2009-07-10 12:36:40',1,11,'86','Poblacion object',3,''),
 (214,'2009-07-10 12:36:40',1,11,'88','Poblacion object',3,''),
 (215,'2009-07-10 12:36:47',1,11,'91','Poblacion object',3,''),
 (216,'2009-07-10 12:36:47',1,11,'92','Poblacion object',3,''),
 (217,'2009-07-10 12:36:47',1,11,'93','Poblacion object',3,''),
 (218,'2009-07-10 12:36:47',1,11,'113','Poblacion object',3,''),
 (219,'2009-07-10 12:36:47',1,11,'114','Poblacion object',3,''),
 (220,'2009-07-10 12:36:47',1,11,'115','Poblacion object',3,''),
 (221,'2009-07-10 12:36:47',1,11,'116','Poblacion object',3,''),
 (222,'2009-07-10 12:36:47',1,11,'117','Poblacion object',3,''),
 (223,'2009-07-10 12:36:47',1,11,'118','Poblacion object',3,''),
 (224,'2009-07-10 12:36:47',1,11,'119','Poblacion object',3,''),
 (225,'2009-07-10 12:36:47',1,11,'112','Poblacion object',3,'');
INSERT INTO `sissan`.`django_admin_log` VALUES  (226,'2009-07-10 12:36:47',1,11,'111','Poblacion object',3,''),
 (227,'2009-07-10 12:36:47',1,11,'110','Poblacion object',3,''),
 (228,'2009-07-10 12:36:47',1,11,'103','Poblacion object',3,''),
 (229,'2009-07-10 12:36:47',1,11,'104','Poblacion object',3,''),
 (230,'2009-07-10 12:36:47',1,11,'105','Poblacion object',3,''),
 (231,'2009-07-10 12:36:47',1,11,'106','Poblacion object',3,''),
 (232,'2009-07-10 12:36:47',1,11,'107','Poblacion object',3,''),
 (233,'2009-07-10 12:36:47',1,11,'108','Poblacion object',3,''),
 (234,'2009-07-10 12:36:47',1,11,'109','Poblacion object',3,''),
 (235,'2009-07-10 12:36:47',1,11,'130','Poblacion object',3,''),
 (236,'2009-07-10 12:36:47',1,11,'131','Poblacion object',3,''),
 (237,'2009-07-10 12:36:47',1,11,'132','Poblacion object',3,''),
 (238,'2009-07-10 12:36:47',1,11,'133','Poblacion object',3,''),
 (239,'2009-07-10 12:36:47',1,11,'134','Poblacion object',3,''),
 (240,'2009-07-10 12:36:47',1,11,'135','Poblacion object',3,''),
 (241,'2009-07-10 12:36:47',1,11,'136','Poblacion object',3,'');
INSERT INTO `sissan`.`django_admin_log` VALUES  (242,'2009-07-10 12:36:47',1,11,'129','Poblacion object',3,''),
 (243,'2009-07-10 12:36:47',1,11,'128','Poblacion object',3,''),
 (244,'2009-07-10 12:36:47',1,11,'127','Poblacion object',3,''),
 (245,'2009-07-10 12:36:47',1,11,'120','Poblacion object',3,''),
 (246,'2009-07-10 12:36:47',1,11,'121','Poblacion object',3,''),
 (247,'2009-07-10 12:36:47',1,11,'122','Poblacion object',3,''),
 (248,'2009-07-10 12:36:47',1,11,'123','Poblacion object',3,''),
 (249,'2009-07-10 12:36:47',1,11,'124','Poblacion object',3,''),
 (250,'2009-07-10 12:36:47',1,11,'125','Poblacion object',3,''),
 (251,'2009-07-10 12:36:47',1,11,'126','Poblacion object',3,''),
 (252,'2009-07-10 12:36:47',1,11,'147','Poblacion object',3,''),
 (253,'2009-07-10 12:36:47',1,11,'148','Poblacion object',3,''),
 (254,'2009-07-10 12:36:47',1,11,'149','Poblacion object',3,''),
 (255,'2009-07-10 12:36:47',1,11,'150','Poblacion object',3,''),
 (256,'2009-07-10 12:36:47',1,11,'151','Poblacion object',3,''),
 (257,'2009-07-10 12:36:47',1,11,'152','Poblacion object',3,'');
INSERT INTO `sissan`.`django_admin_log` VALUES  (258,'2009-07-10 12:36:47',1,11,'153','Poblacion object',3,''),
 (259,'2009-07-10 12:36:47',1,11,'146','Poblacion object',3,''),
 (260,'2009-07-10 12:36:47',1,11,'145','Poblacion object',3,''),
 (261,'2009-07-10 12:36:47',1,11,'144','Poblacion object',3,''),
 (262,'2009-07-10 12:36:47',1,11,'137','Poblacion object',3,''),
 (263,'2009-07-10 12:36:47',1,11,'138','Poblacion object',3,''),
 (264,'2009-07-10 12:36:47',1,11,'139','Poblacion object',3,''),
 (265,'2009-07-10 12:36:47',1,11,'140','Poblacion object',3,''),
 (266,'2009-07-10 12:36:47',1,11,'141','Poblacion object',3,''),
 (267,'2009-07-10 12:36:47',1,11,'142','Poblacion object',3,''),
 (268,'2009-07-10 12:36:47',1,11,'143','Poblacion object',3,''),
 (269,'2009-07-10 12:36:47',1,11,'164','Poblacion object',3,''),
 (270,'2009-07-10 12:36:47',1,11,'165','Poblacion object',3,''),
 (271,'2009-07-10 12:36:47',1,11,'166','Poblacion object',3,''),
 (272,'2009-07-10 12:36:47',1,11,'167','Poblacion object',3,''),
 (273,'2009-07-10 12:36:47',1,11,'168','Poblacion object',3,'');
INSERT INTO `sissan`.`django_admin_log` VALUES  (274,'2009-07-10 12:36:47',1,11,'169','Poblacion object',3,''),
 (275,'2009-07-10 12:36:47',1,11,'170','Poblacion object',3,''),
 (276,'2009-07-10 12:36:47',1,11,'163','Poblacion object',3,''),
 (277,'2009-07-10 12:36:47',1,11,'162','Poblacion object',3,''),
 (278,'2009-07-10 12:36:47',1,11,'161','Poblacion object',3,''),
 (279,'2009-07-10 12:36:47',1,11,'154','Poblacion object',3,''),
 (280,'2009-07-10 12:36:47',1,11,'155','Poblacion object',3,''),
 (281,'2009-07-10 12:36:47',1,11,'156','Poblacion object',3,''),
 (282,'2009-07-10 12:36:47',1,11,'157','Poblacion object',3,''),
 (283,'2009-07-10 12:36:47',1,11,'158','Poblacion object',3,''),
 (284,'2009-07-10 12:36:47',1,11,'159','Poblacion object',3,''),
 (285,'2009-07-10 12:36:47',1,11,'160','Poblacion object',3,''),
 (286,'2009-07-10 12:36:47',1,11,'181','Poblacion object',3,''),
 (287,'2009-07-10 12:36:47',1,11,'182','Poblacion object',3,''),
 (288,'2009-07-10 12:36:47',1,11,'183','Poblacion object',3,''),
 (289,'2009-07-10 12:36:47',1,11,'184','Poblacion object',3,'');
INSERT INTO `sissan`.`django_admin_log` VALUES  (290,'2009-07-10 12:36:47',1,11,'185','Poblacion object',3,''),
 (291,'2009-07-10 12:36:47',1,11,'186','Poblacion object',3,''),
 (292,'2009-07-10 12:36:47',1,11,'187','Poblacion object',3,''),
 (293,'2009-07-10 12:36:47',1,11,'180','Poblacion object',3,''),
 (294,'2009-07-10 12:36:47',1,11,'179','Poblacion object',3,''),
 (295,'2009-07-10 12:36:47',1,11,'178','Poblacion object',3,''),
 (296,'2009-07-10 12:36:47',1,11,'171','Poblacion object',3,''),
 (297,'2009-07-10 12:36:47',1,11,'172','Poblacion object',3,''),
 (298,'2009-07-10 12:36:47',1,11,'173','Poblacion object',3,''),
 (299,'2009-07-10 12:36:47',1,11,'174','Poblacion object',3,''),
 (300,'2009-07-10 12:36:47',1,11,'175','Poblacion object',3,''),
 (301,'2009-07-10 12:36:47',1,11,'176','Poblacion object',3,''),
 (302,'2009-07-10 12:36:47',1,11,'177','Poblacion object',3,''),
 (303,'2009-07-10 12:36:47',1,11,'203','Poblacion object',3,''),
 (304,'2009-07-10 12:36:47',1,11,'202','Poblacion object',3,''),
 (305,'2009-07-10 12:36:47',1,11,'201','Poblacion object',3,'');
INSERT INTO `sissan`.`django_admin_log` VALUES  (306,'2009-07-10 12:36:47',1,11,'200','Poblacion object',3,''),
 (307,'2009-07-10 12:36:47',1,11,'199','Poblacion object',3,''),
 (308,'2009-07-10 12:36:47',1,11,'198','Poblacion object',3,''),
 (309,'2009-07-10 12:36:47',1,11,'197','Poblacion object',3,''),
 (310,'2009-07-10 12:36:47',1,11,'196','Poblacion object',3,''),
 (311,'2009-07-10 12:36:47',1,11,'195','Poblacion object',3,''),
 (312,'2009-07-10 12:36:47',1,11,'189','Poblacion object',3,''),
 (313,'2009-07-10 12:36:47',1,11,'188','Poblacion object',3,''),
 (314,'2009-07-10 12:36:47',1,11,'204','Poblacion object',3,''),
 (315,'2009-07-10 12:36:54',1,11,'190','Poblacion object',3,''),
 (316,'2009-07-10 12:36:54',1,11,'191','Poblacion object',3,''),
 (317,'2009-07-10 12:36:54',1,11,'192','Poblacion object',3,''),
 (318,'2009-07-10 12:36:54',1,11,'193','Poblacion object',3,''),
 (319,'2009-07-10 12:36:54',1,11,'194','Poblacion object',3,''),
 (320,'2009-07-10 12:36:54',1,11,'215','Poblacion object',3,''),
 (321,'2009-07-10 12:36:54',1,11,'216','Poblacion object',3,'');
INSERT INTO `sissan`.`django_admin_log` VALUES  (322,'2009-07-10 13:48:42',1,3,'2','denis',1,''),
 (323,'2009-07-10 13:49:42',1,3,'2','denis',2,'Modificado/a first_name, last_name, is_staff y user_permissions.'),
 (324,'2009-07-10 14:25:33',1,19,'1','Mortalidad_infantil object',3,''),
 (325,'2009-07-10 14:25:33',1,19,'2','Mortalidad_infantil object',3,''),
 (326,'2009-07-10 14:25:33',1,19,'3','Mortalidad_infantil object',3,''),
 (327,'2009-07-10 14:25:33',1,19,'4','Mortalidad_infantil object',3,''),
 (328,'2009-07-10 14:25:33',1,19,'5','Mortalidad_infantil object',3,''),
 (329,'2009-07-10 14:25:33',1,19,'6','Mortalidad_infantil object',3,''),
 (330,'2009-07-10 14:25:33',1,19,'7','Mortalidad_infantil object',3,'');
UNLOCK TABLES;
/*!40000 ALTER TABLE `django_admin_log` ENABLE KEYS */;


--
-- Definition of table `sissan`.`django_content_type`
--

DROP TABLE IF EXISTS `sissan`.`django_content_type`;
CREATE TABLE  `sissan`.`django_content_type` (
  `id` int(11) NOT NULL auto_increment,
  `name` varchar(100) NOT NULL,
  `app_label` varchar(100) NOT NULL,
  `model` varchar(100) NOT NULL,
  PRIMARY KEY  (`id`),
  UNIQUE KEY `app_label` (`app_label`,`model`)
) ENGINE=MyISAM AUTO_INCREMENT=20 DEFAULT CHARSET=latin1;

--
-- Dumping data for table `sissan`.`django_content_type`
--

/*!40000 ALTER TABLE `django_content_type` DISABLE KEYS */;
LOCK TABLES `django_content_type` WRITE;
INSERT INTO `sissan`.`django_content_type` VALUES  (1,'permission','auth','permission'),
 (2,'group','auth','group'),
 (3,'user','auth','user'),
 (4,'message','auth','message'),
 (5,'content type','contenttypes','contenttype'),
 (6,'session','sessions','session'),
 (7,'site','sites','site'),
 (8,'log entry','admin','logentry'),
 (9,'version','django_evolution','version'),
 (10,'evolution','django_evolution','evolution'),
 (11,'poblacion','demografico','poblacion'),
 (12,'departamento','lugar','departamento'),
 (13,'municipio','lugar','municipio'),
 (14,'exportacion','economico','exportacion'),
 (15,'crecimiento','socio_demografico','crecimiento'),
 (16,'esperanza','socio_demografico','esperanza'),
 (17,'fecundidad','socio_demografico','fecundidad'),
 (18,'mortalidad_materna','socio_demografico','mortalidad_materna'),
 (19,'mortalidad_infantil','socio_demografico','mortalidad_infantil');
UNLOCK TABLES;
/*!40000 ALTER TABLE `django_content_type` ENABLE KEYS */;


--
-- Definition of table `sissan`.`django_evolution`
--

DROP TABLE IF EXISTS `sissan`.`django_evolution`;
CREATE TABLE  `sissan`.`django_evolution` (
  `id` int(11) NOT NULL auto_increment,
  `version_id` int(11) NOT NULL,
  `app_label` varchar(200) NOT NULL,
  `label` varchar(100) NOT NULL,
  PRIMARY KEY  (`id`),
  KEY `django_evolution_version_id` (`version_id`)
) ENGINE=MyISAM DEFAULT CHARSET=latin1;

--
-- Dumping data for table `sissan`.`django_evolution`
--

/*!40000 ALTER TABLE `django_evolution` DISABLE KEYS */;
LOCK TABLES `django_evolution` WRITE;
UNLOCK TABLES;
/*!40000 ALTER TABLE `django_evolution` ENABLE KEYS */;


--
-- Definition of table `sissan`.`django_project_version`
--

DROP TABLE IF EXISTS `sissan`.`django_project_version`;
CREATE TABLE  `sissan`.`django_project_version` (
  `id` int(11) NOT NULL auto_increment,
  `signature` longtext NOT NULL,
  `when` datetime NOT NULL,
  PRIMARY KEY  (`id`)
) ENGINE=MyISAM AUTO_INCREMENT=3 DEFAULT CHARSET=latin1;

--
-- Dumping data for table `sissan`.`django_project_version`
--

/*!40000 ALTER TABLE `django_project_version` DISABLE KEYS */;
LOCK TABLES `django_project_version` WRITE;
INSERT INTO `sissan`.`django_project_version` VALUES  (1,'(dp1\nS\'lugar\'\np2\n(dp3\nS\'Municipio\'\np4\n(dp5\nS\'fields\'\np6\n(dp7\nS\'nombre\'\np8\n(dp9\nS\'field_type\'\np10\ncdjango.db.models.fields\nCharField\np11\nsS\'max_length\'\np12\nI30\nssS\'id\'\np13\n(dp14\ng10\ncdjango.db.models.fields\nAutoField\np15\nsS\'primary_key\'\np16\nI01\nssS\'departamento\'\np17\n(dp18\ng10\ncdjango.db.models.fields.related\nForeignKey\np19\nsS\'related_model\'\np20\nS\'lugar.Departamento\'\np21\nsssS\'meta\'\np22\n(dp23\nS\'unique_together\'\np24\n(lp25\nsS\'db_table\'\np26\nS\'lugar_municipio\'\np27\nsS\'db_tablespace\'\np28\nS\'\'\nsS\'pk_column\'\np29\ng13\nsssS\'Departamento\'\np30\n(dp31\ng6\n(dp32\ng8\n(dp33\ng10\ng11\nsg12\nI30\nssS\'numero\'\np34\n(dp35\ng10\ncdjango.db.models.fields\nDecimalField\np36\nsg16\nI01\nsS\'decimal_places\'\np37\nI0\nsS\'max_digits\'\np38\nI2\nsssg22\n(dp39\ng24\n(lp40\nsg26\nS\'lugar_departamento\'\np41\nsg28\nS\'\'\nsg29\ng34\nssssS\'socio_demografico\'\np42\n(dp43\nS\'Fecundidad\'\np44\n(dp45\ng6\n(dp46\nS\'natalidad\'\np47\n(dp48\ng10\ng36\nsg38\nI10\nsg37\nI2\nssS\'ano\'\np49\n(dp50\ng10\ng11\nsg12\nI12\nssg13\n(dp51\ng10\ng15\nsg16\nI01\nssS\'fecundidad\'\np52\n(dp53\ng10\ng36\nsg38\nI10\nsg37\nI2\nsssg22\n(dp54\ng24\n(lp55\nsg26\nS\'socio_demografico_fecundidad\'\np56\nsg28\nS\'\'\nsg29\ng13\nsssS\'Esperanza\'\np57\n(dp58\ng6\n(dp59\nS\'ambos_sexos\'\np60\n(dp61\ng10\ng36\nsg38\nI10\nsg37\nI2\nssg49\n(dp62\ng10\ng11\nsg12\nI12\nssS\'mujer\'\np63\n(dp64\ng10\ng36\nsg38\nI10\nsg37\nI2\nssg13\n(dp65\ng10\ng15\nsg16\nI01\nssS\'hombre\'\np66\n(dp67\ng10\ng36\nsg38\nI10\nsg37\nI2\nsssg22\n(dp68\ng24\n(lp69\nsg26\nS\'socio_demografico_esperanza\'\np70\nsg28\nS\'\'\nsg29\ng13\nsssS\'Crecimiento\'\np71\n(dp72\ng6\n(dp73\ng49\n(dp74\ng10\ng11\nsg12\nI12\nssg13\n(dp75\ng10\ng15\nsg16\nI01\nssS\'crecimiento\'\np76\n(dp77\ng10\ng36\nsg38\nI10\nsg37\nI2\nsssg22\n(dp78\ng24\n(lp79\nsg26\nS\'socio_demografico_crecimiento\'\np80\nsg28\nS\'\'\nsg29\ng13\nssssS\'sessions\'\np81\n(dp82\nS\'Session\'\np83\n(dp84\ng6\n(dp85\nS\'session_key\'\np86\n(dp87\ng10\ng11\nsg12\nI40\nsg16\nI01\nssS\'expire_date\'\np88\n(dp89\ng10\ncdjango.db.models.fields\nDateTimeField\np90\nssS\'session_data\'\np91\n(dp92\ng10\ncdjango.db.models.fields\nTextField\np93\nsssg22\n(dp94\ng24\n(lp95\nsg26\nS\'django_session\'\np96\nsg28\nS\'\'\nsg29\ng86\nssssS\'admin\'\np97\n(dp98\nS\'LogEntry\'\np99\n(dp100\ng6\n(dp101\nS\'action_flag\'\np102\n(dp103\ng10\ncdjango.db.models.fields\nPositiveSmallIntegerField\np104\nssS\'action_time\'\np105\n(dp106\ng10\ng90\nssS\'object_repr\'\np107\n(dp108\ng10\ng11\nsg12\nI200\nssS\'object_id\'\np109\n(dp110\ng10\ng93\nsS\'null\'\np111\nI01\nssS\'change_message\'\np112\n(dp113\ng10\ng93\nssS\'user\'\np114\n(dp115\ng10\ng19\nsg20\nS\'auth.User\'\np116\nssS\'content_type\'\np117\n(dp118\ng10\ng19\nsg111\nI01\nsg20\nS\'contenttypes.ContentType\'\np119\nssg13\n(dp120\ng10\ng15\nsg16\nI01\nsssg22\n(dp121\ng24\n(lp122\nsg26\nS\'django_admin_log\'\np123\nsg28\nS\'\'\nsg29\ng13\nssssS\'economico\'\np124\n(dp125\nS\'Exportacion\'\np126\n(dp127\ng6\n(dp128\ng49\n(dp129\ng10\ncdjango.db.models.fields\nIntegerField\np130\nsg12\nI5\nssg13\n(dp131\ng10\ng15\nsg16\nI01\nssS\'mes\'\np132\n(dp133\ng10\ng130\nsg12\nI2\nssS\'fob\'\np134\n(dp135\ng10\ng36\nsg38\nI10\nsg37\nI2\nsssg22\n(dp136\ng24\n(lp137\nsg26\nS\'economico_exportacion\'\np138\nsg28\nS\'\'\nsg29\ng13\nssssS\'sites\'\np139\n(dp140\nS\'Site\'\np141\n(dp142\ng6\n(dp143\nS\'domain\'\np144\n(dp145\ng10\ng11\nsg12\nI100\nssg13\n(dp146\ng10\ng15\nsg16\nI01\nssS\'name\'\np147\n(dp148\ng10\ng11\nsg12\nI50\nsssg22\n(dp149\ng24\n(lp150\nsg26\nS\'django_site\'\np151\nsg28\nS\'\'\nsg29\ng13\nssssS\'auth\'\np152\n(dp153\nS\'Message\'\np154\n(dp155\ng6\n(dp156\nS\'message\'\np157\n(dp158\ng10\ng93\nssg13\n(dp159\ng10\ng15\nsg16\nI01\nssg114\n(dp160\ng10\ng19\nsg20\nS\'auth.User\'\np161\nsssg22\n(dp162\ng24\n(lp163\nsg26\nS\'auth_message\'\np164\nsg28\nS\'\'\nsg29\ng13\nsssS\'Group\'\np165\n(dp166\ng6\n(dp167\nS\'permissions\'\np168\n(dp169\ng10\ncdjango.db.models.fields.related\nManyToManyField\np170\nsg20\nS\'auth.Permission\'\np171\nssg13\n(dp172\ng10\ng15\nsg16\nI01\nssg147\n(dp173\ng10\ng11\nsS\'unique\'\np174\nI01\nsg12\nI80\nsssg22\n(dp175\ng24\n(lp176\nsg26\nS\'auth_group\'\np177\nsg28\nS\'\'\nsg29\ng13\nsssS\'User\'\np178\n(dp179\ng6\n(dp180\nS\'username\'\np181\n(dp182\ng10\ng11\nsg174\nI01\nsg12\nI30\nssS\'first_name\'\np183\n(dp184\ng10\ng11\nsg12\nI30\nssS\'last_name\'\np185\n(dp186\ng10\ng11\nsg12\nI30\nssS\'is_active\'\np187\n(dp188\ng10\ncdjango.db.models.fields\nBooleanField\np189\nssS\'email\'\np190\n(dp191\ng10\ncdjango.db.models.fields\nEmailField\np192\nsg12\nI75\nssS\'is_superuser\'\np193\n(dp194\ng10\ng189\nssS\'is_staff\'\np195\n(dp196\ng10\ng189\nssS\'last_login\'\np197\n(dp198\ng10\ng90\nssS\'groups\'\np199\n(dp200\ng10\ng170\nsg20\nS\'auth.Group\'\np201\nssS\'user_permissions\'\np202\n(dp203\ng10\ng170\nsg20\nS\'auth.Permission\'\np204\nssS\'password\'\np205\n(dp206\ng10\ng11\nsg12\nI128\nssg13\n(dp207\ng10\ng15\nsg16\nI01\nssS\'date_joined\'\np208\n(dp209\ng10\ng90\nsssg22\n(dp210\ng24\n(lp211\nsg26\nS\'auth_user\'\np212\nsg28\nS\'\'\nsg29\ng13\nsssS\'Permission\'\np213\n(dp214\ng6\n(dp215\nS\'codename\'\np216\n(dp217\ng10\ng11\nsg12\nI100\nssg13\n(dp218\ng10\ng15\nsg16\nI01\nssg117\n(dp219\ng10\ng19\nsg20\nS\'contenttypes.ContentType\'\np220\nssg147\n(dp221\ng10\ng11\nsg12\nI50\nsssg22\n(dp222\ng24\n((S\'content_type\'\nS\'codename\'\nttp223\nsg26\nS\'auth_permission\'\np224\nsg28\nS\'\'\nsg29\ng13\nssssS\'demografico\'\np225\n(dp226\nS\'Poblacion\'\np227\n(dp228\ng6\n(dp229\ng49\n(dp230\ng10\ng130\nsg12\nI5\nssS\'urbano_ambos_sexos\'\np231\n(dp232\ng10\ng130\nsg12\nI10\nssS\'urbano_hombre\'\np233\n(dp234\ng10\ng130\nsg12\nI10\nssS\'rural_hombre\'\np235\n(dp236\ng10\ng130\nsg12\nI10\nssS\'total_ambos_sexos\'\np237\n(dp238\ng10\ng130\nsg12\nI10\nssS\'total_mujer\'\np239\n(dp240\ng10\ng130\nsg12\nI10\nssg17\n(dp241\ng10\ng19\nsg20\nS\'lugar.Departamento\'\np242\nssS\'total_hombre\'\np243\n(dp244\ng10\ng130\nsg12\nI10\nssS\'rural_ambos_sexos\'\np245\n(dp246\ng10\ng130\nsg12\nI10\nssS\'rural_mujer\'\np247\n(dp248\ng10\ng130\nsg12\nI10\nssS\'urbano_mujer\'\np249\n(dp250\ng10\ng130\nsg12\nI10\nssg13\n(dp251\ng10\ng15\nsg16\nI01\nsssg22\n(dp252\ng24\n(lp253\nsg26\nS\'demografico_poblacion\'\np254\nsg28\nS\'\'\nsg29\ng13\nssssS\'contenttypes\'\np255\n(dp256\nS\'ContentType\'\np257\n(dp258\ng6\n(dp259\nS\'model\'\np260\n(dp261\ng10\ng11\nsg12\nI100\nssS\'app_label\'\np262\n(dp263\ng10\ng11\nsg12\nI100\nssg13\n(dp264\ng10\ng15\nsg16\nI01\nssg147\n(dp265\ng10\ng11\nsg12\nI100\nsssg22\n(dp266\ng24\n((S\'app_label\'\nS\'model\'\nttp267\nsg26\nS\'django_content_type\'\np268\nsg28\nS\'\'\nsg29\ng13\nssssS\'django_evolution\'\np269\n(dp270\nS\'Evolution\'\np271\n(dp272\ng6\n(dp273\nS\'label\'\np274\n(dp275\ng10\ng11\nsg12\nI100\nssS\'version\'\np276\n(dp277\ng10\ng19\nsg20\nS\'django_evolution.Version\'\np278\nssg13\n(dp279\ng10\ng15\nsg16\nI01\nssg262\n(dp280\ng10\ng11\nsg12\nI200\nsssg22\n(dp281\ng24\n(lp282\nsg26\nS\'django_evolution\'\np283\nsg28\nS\'\'\nsg29\ng13\nsssS\'Version\'\np284\n(dp285\ng6\n(dp286\nS\'when\'\np287\n(dp288\ng10\ng90\nssg13\n(dp289\ng10\ng15\nsg16\nI01\nssS\'signature\'\np290\n(dp291\ng10\ng93\nsssg22\n(dp292\ng24\n(lp293\nsg26\nS\'django_project_version\'\np294\nsg28\nS\'\'\nsg29\ng13\nssssS\'__version__\'\np295\nI1\ns.','2009-07-10 11:53:08'),
 (2,'(dp1\nS\'lugar\'\np2\n(dp3\nS\'Departamento\'\np4\n(dp5\nS\'fields\'\np6\n(dp7\nS\'nombre\'\np8\n(dp9\nS\'field_type\'\np10\ncdjango.db.models.fields\nCharField\np11\nsS\'max_length\'\np12\nI30\nssS\'numero\'\np13\n(dp14\ng10\ncdjango.db.models.fields\nDecimalField\np15\nsS\'primary_key\'\np16\nI01\nsS\'decimal_places\'\np17\nI0\nsS\'max_digits\'\np18\nI2\nsssS\'meta\'\np19\n(dp20\nS\'unique_together\'\np21\n(lp22\nsS\'db_table\'\np23\nS\'lugar_departamento\'\np24\nsS\'db_tablespace\'\np25\nS\'\'\nsS\'pk_column\'\np26\ng13\nsssS\'Municipio\'\np27\n(dp28\ng6\n(dp29\ng8\n(dp30\ng10\ng11\nsg12\nI30\nssS\'id\'\np31\n(dp32\ng10\ncdjango.db.models.fields\nAutoField\np33\nsg16\nI01\nssS\'departamento\'\np34\n(dp35\ng10\ncdjango.db.models.fields.related\nForeignKey\np36\nsS\'related_model\'\np37\nS\'lugar.Departamento\'\np38\nsssg19\n(dp39\ng21\n(lp40\nsg23\nS\'lugar_municipio\'\np41\nsg25\nS\'\'\nsg26\ng31\nssssS\'socio_demografico\'\np42\n(dp43\nS\'Crecimiento\'\np44\n(dp45\ng6\n(dp46\nS\'ano\'\np47\n(dp48\ng10\ng11\nsg12\nI12\nssg31\n(dp49\ng10\ng33\nsg16\nI01\nssS\'crecimiento\'\np50\n(dp51\ng10\ng15\nsg18\nI10\nsg17\nI2\nsssg19\n(dp52\ng21\n(lp53\nsg23\nS\'socio_demografico_crecimiento\'\np54\nsg25\nS\'\'\nsg26\ng31\nsssS\'Mortalidad_infantil\'\np55\n(dp56\nS\'fields\'\np57\n(dp58\nS\'mortalidad\'\np59\n(dp60\nS\'field_type\'\np61\ng15\nsS\'max_digits\'\np62\nI10\nsS\'decimal_places\'\np63\nI2\nssS\'ano\'\np64\n(dp65\ng61\ncdjango.db.models.fields\nIntegerField\np66\nsS\'max_length\'\np67\nI5\nssS\'id\'\np68\n(dp69\ng61\ng33\nsS\'primary_key\'\np70\nI01\nssS\'mortalidad_menor\'\np71\n(dp72\ng61\ng15\nsg62\nI10\nsg63\nI2\nsssS\'meta\'\np73\n(dp74\nS\'unique_together\'\np75\n(lp76\nsS\'db_table\'\np77\nS\'socio_demografico_mortalidad_infantil\'\np78\nsS\'db_tablespace\'\np79\nS\'\'\nsS\'pk_column\'\np80\ng68\nsssS\'Mortalidad_materna\'\np81\n(dp82\ng57\n(dp83\ng59\n(dp84\ng61\ng15\nsg62\nI10\nsg63\nI2\nssg64\n(dp85\ng61\ng66\nsg67\nI5\nssg68\n(dp86\ng61\ng33\nsg70\nI01\nsssg73\n(dp87\ng75\n(lp88\nsg77\nS\'socio_demografico_mortalidad_materna\'\np89\nsg79\nS\'\'\nsg80\ng68\nsssS\'Esperanza\'\np90\n(dp91\ng6\n(dp92\nS\'ambos_sexos\'\np93\n(dp94\ng10\ng15\nsg18\nI10\nsg17\nI2\nssg47\n(dp95\ng10\ng11\nsg12\nI12\nssS\'mujer\'\np96\n(dp97\ng10\ng15\nsg18\nI10\nsg17\nI2\nssg31\n(dp98\ng10\ng33\nsg16\nI01\nssS\'hombre\'\np99\n(dp100\ng10\ng15\nsg18\nI10\nsg17\nI2\nsssg19\n(dp101\ng21\n(lp102\nsg23\nS\'socio_demografico_esperanza\'\np103\nsg25\nS\'\'\nsg26\ng31\nsssS\'Fecundidad\'\np104\n(dp105\ng6\n(dp106\ng47\n(dp107\ng10\ng11\nsg12\nI12\nssS\'fecundidad\'\np108\n(dp109\ng10\ng15\nsg18\nI10\nsg17\nI2\nssg31\n(dp110\ng10\ng33\nsg16\nI01\nssS\'natalidad\'\np111\n(dp112\ng10\ng15\nsg18\nI10\nsg17\nI2\nsssg19\n(dp113\ng21\n(lp114\nsg23\nS\'socio_demografico_fecundidad\'\np115\nsg25\nS\'\'\nsg26\ng31\nssssS\'sessions\'\np116\n(dp117\nS\'Session\'\np118\n(dp119\ng6\n(dp120\nS\'session_key\'\np121\n(dp122\ng10\ng11\nsg12\nI40\nsg16\nI01\nssS\'session_data\'\np123\n(dp124\ng10\ncdjango.db.models.fields\nTextField\np125\nssS\'expire_date\'\np126\n(dp127\ng10\ncdjango.db.models.fields\nDateTimeField\np128\nsssg19\n(dp129\ng21\n(lp130\nsg23\nS\'django_session\'\np131\nsg25\nS\'\'\nsg26\ng121\nssssS\'admin\'\np132\n(dp133\nS\'LogEntry\'\np134\n(dp135\ng6\n(dp136\nS\'action_flag\'\np137\n(dp138\ng10\ncdjango.db.models.fields\nPositiveSmallIntegerField\np139\nssS\'action_time\'\np140\n(dp141\ng10\ng128\nssS\'object_repr\'\np142\n(dp143\ng10\ng11\nsg12\nI200\nssS\'object_id\'\np144\n(dp145\ng10\ng125\nsS\'null\'\np146\nI01\nssS\'change_message\'\np147\n(dp148\ng10\ng125\nssS\'user\'\np149\n(dp150\ng10\ng36\nsg37\nS\'auth.User\'\np151\nssS\'content_type\'\np152\n(dp153\ng10\ng36\nsg146\nI01\nsg37\nS\'contenttypes.ContentType\'\np154\nssg31\n(dp155\ng10\ng33\nsg16\nI01\nsssg19\n(dp156\ng21\n(lp157\nsg23\nS\'django_admin_log\'\np158\nsg25\nS\'\'\nsg26\ng31\nssssS\'django_evolution\'\np159\n(dp160\nS\'Evolution\'\np161\n(dp162\ng6\n(dp163\nS\'app_label\'\np164\n(dp165\ng10\ng11\nsg12\nI200\nssS\'version\'\np166\n(dp167\ng10\ng36\nsg37\nS\'django_evolution.Version\'\np168\nssg31\n(dp169\ng10\ng33\nsg16\nI01\nssS\'label\'\np170\n(dp171\ng10\ng11\nsg12\nI100\nsssg19\n(dp172\ng21\n(lp173\nsg23\nS\'django_evolution\'\np174\nsg25\nS\'\'\nsg26\ng31\nsssS\'Version\'\np175\n(dp176\ng6\n(dp177\nS\'when\'\np178\n(dp179\ng10\ng128\nssg31\n(dp180\ng10\ng33\nsg16\nI01\nssS\'signature\'\np181\n(dp182\ng10\ng125\nsssg19\n(dp183\ng21\n(lp184\nsg23\nS\'django_project_version\'\np185\nsg25\nS\'\'\nsg26\ng31\nssssS\'sites\'\np186\n(dp187\nS\'Site\'\np188\n(dp189\ng6\n(dp190\nS\'domain\'\np191\n(dp192\ng10\ng11\nsg12\nI100\nssg31\n(dp193\ng10\ng33\nsg16\nI01\nssS\'name\'\np194\n(dp195\ng10\ng11\nsg12\nI50\nsssg19\n(dp196\ng21\n(lp197\nsg23\nS\'django_site\'\np198\nsg25\nS\'\'\nsg26\ng31\nssssS\'auth\'\np199\n(dp200\nS\'Message\'\np201\n(dp202\ng6\n(dp203\nS\'message\'\np204\n(dp205\ng10\ng125\nssg31\n(dp206\ng10\ng33\nsg16\nI01\nssg149\n(dp207\ng10\ng36\nsg37\nS\'auth.User\'\np208\nsssg19\n(dp209\ng21\n(lp210\nsg23\nS\'auth_message\'\np211\nsg25\nS\'\'\nsg26\ng31\nsssS\'Group\'\np212\n(dp213\ng6\n(dp214\ng31\n(dp215\ng10\ng33\nsg16\nI01\nssg194\n(dp216\ng12\nI80\nsg10\ng11\nsS\'unique\'\np217\nI01\nssS\'permissions\'\np218\n(dp219\ng10\ncdjango.db.models.fields.related\nManyToManyField\np220\nsg37\nS\'auth.Permission\'\np221\nsssg19\n(dp222\ng21\n(lp223\nsg23\nS\'auth_group\'\np224\nsg25\nS\'\'\nsg26\ng31\nsssS\'User\'\np225\n(dp226\ng6\n(dp227\nS\'username\'\np228\n(dp229\ng12\nI30\nsg10\ng11\nsg217\nI01\nssS\'first_name\'\np230\n(dp231\ng10\ng11\nsg12\nI30\nssS\'last_name\'\np232\n(dp233\ng10\ng11\nsg12\nI30\nssS\'is_active\'\np234\n(dp235\ng10\ncdjango.db.models.fields\nBooleanField\np236\nssg31\n(dp237\ng10\ng33\nsg16\nI01\nssS\'is_superuser\'\np238\n(dp239\ng10\ng236\nssS\'is_staff\'\np240\n(dp241\ng10\ng236\nssS\'last_login\'\np242\n(dp243\ng10\ng128\nssS\'groups\'\np244\n(dp245\ng10\ng220\nsg37\nS\'auth.Group\'\np246\nssS\'user_permissions\'\np247\n(dp248\ng10\ng220\nsg37\nS\'auth.Permission\'\np249\nssS\'password\'\np250\n(dp251\ng10\ng11\nsg12\nI128\nssS\'email\'\np252\n(dp253\ng10\ncdjango.db.models.fields\nEmailField\np254\nsg12\nI75\nssS\'date_joined\'\np255\n(dp256\ng10\ng128\nsssg19\n(dp257\ng21\n(lp258\nsg23\nS\'auth_user\'\np259\nsg25\nS\'\'\nsg26\ng31\nsssS\'Permission\'\np260\n(dp261\ng6\n(dp262\nS\'codename\'\np263\n(dp264\ng10\ng11\nsg12\nI100\nssg31\n(dp265\ng10\ng33\nsg16\nI01\nssg152\n(dp266\ng10\ng36\nsg37\nS\'contenttypes.ContentType\'\np267\nssg194\n(dp268\ng10\ng11\nsg12\nI50\nsssg19\n(dp269\ng21\n((S\'content_type\'\nS\'codename\'\nttp270\nsg23\nS\'auth_permission\'\np271\nsg25\nS\'\'\nsg26\ng31\nssssS\'demografico\'\np272\n(dp273\nS\'Poblacion\'\np274\n(dp275\ng6\n(dp276\ng47\n(dp277\ng10\ng66\nsg12\nI5\nssS\'urbano_ambos_sexos\'\np278\n(dp279\ng10\ng66\nsg12\nI10\nssS\'urbano_hombre\'\np280\n(dp281\ng10\ng66\nsg12\nI10\nssS\'rural_hombre\'\np282\n(dp283\ng10\ng66\nsg12\nI10\nssS\'total_ambos_sexos\'\np284\n(dp285\ng10\ng66\nsg12\nI10\nssS\'total_mujer\'\np286\n(dp287\ng10\ng66\nsg12\nI10\nssg34\n(dp288\ng10\ng36\nsg37\nS\'lugar.Departamento\'\np289\nssS\'total_hombre\'\np290\n(dp291\ng10\ng66\nsg12\nI10\nssS\'rural_ambos_sexos\'\np292\n(dp293\ng10\ng66\nsg12\nI10\nssS\'rural_mujer\'\np294\n(dp295\ng10\ng66\nsg12\nI10\nssS\'urbano_mujer\'\np296\n(dp297\ng10\ng66\nsg12\nI10\nssg31\n(dp298\ng10\ng33\nsg16\nI01\nsssg19\n(dp299\ng21\n(lp300\nsg23\nS\'demografico_poblacion\'\np301\nsg25\nS\'\'\nsg26\ng31\nssssS\'contenttypes\'\np302\n(dp303\nS\'ContentType\'\np304\n(dp305\ng6\n(dp306\nS\'model\'\np307\n(dp308\ng10\ng11\nsg12\nI100\nssg31\n(dp309\ng10\ng33\nsg16\nI01\nssg194\n(dp310\ng10\ng11\nsg12\nI100\nssg164\n(dp311\ng10\ng11\nsg12\nI100\nsssg19\n(dp312\ng21\n((S\'app_label\'\nS\'model\'\nttp313\nsg23\nS\'django_content_type\'\np314\nsg25\nS\'\'\nsg26\ng31\nssssS\'economico\'\np315\n(dp316\nS\'Exportacion\'\np317\n(dp318\ng6\n(dp319\ng47\n(dp320\ng10\ng66\nsg12\nI5\nssg31\n(dp321\ng10\ng33\nsg16\nI01\nssS\'mes\'\np322\n(dp323\ng10\ng66\nsg12\nI2\nssS\'fob\'\np324\n(dp325\ng10\ng15\nsg18\nI10\nsg17\nI2\nsssg19\n(dp326\ng21\n(lp327\nsg23\nS\'economico_exportacion\'\np328\nsg25\nS\'\'\nsg26\ng31\nssssS\'__version__\'\np329\nI1\ns.','2009-07-10 14:19:11');
UNLOCK TABLES;
/*!40000 ALTER TABLE `django_project_version` ENABLE KEYS */;


--
-- Definition of table `sissan`.`django_session`
--

DROP TABLE IF EXISTS `sissan`.`django_session`;
CREATE TABLE  `sissan`.`django_session` (
  `session_key` varchar(40) NOT NULL,
  `session_data` longtext NOT NULL,
  `expire_date` datetime NOT NULL,
  PRIMARY KEY  (`session_key`)
) ENGINE=MyISAM DEFAULT CHARSET=latin1;

--
-- Dumping data for table `sissan`.`django_session`
--

/*!40000 ALTER TABLE `django_session` DISABLE KEYS */;
LOCK TABLES `django_session` WRITE;
INSERT INTO `sissan`.`django_session` VALUES  ('b71f0c0e3f6ba2ec031def556cbaf7fb','gAJ9cQEoVRJfYXV0aF91c2VyX2JhY2tlbmRxAlUpZGphbmdvLmNvbnRyaWIuYXV0aC5iYWNrZW5k\ncy5Nb2RlbEJhY2tlbmRxA1UNX2F1dGhfdXNlcl9pZHEEigECdS45Y2QzY2ViMzJjYjdiYzE4OTg4\nYmQzZWUwZjkxYmZlMg==\n','2009-07-24 14:51:14'),
 ('643fb7d1200b7644100c4e2743f3e650','gAJ9cQEoVRJfYXV0aF91c2VyX2JhY2tlbmRxAlUpZGphbmdvLmNvbnRyaWIuYXV0aC5iYWNrZW5k\ncy5Nb2RlbEJhY2tlbmRxA1UNX2F1dGhfdXNlcl9pZHEEigEBdS45NjRmNGViMWE2ZWQxNDczODgz\nMTI4YmY2MjVkZTBjMA==\n','2009-07-24 13:50:19');
UNLOCK TABLES;
/*!40000 ALTER TABLE `django_session` ENABLE KEYS */;


--
-- Definition of table `sissan`.`django_site`
--

DROP TABLE IF EXISTS `sissan`.`django_site`;
CREATE TABLE  `sissan`.`django_site` (
  `id` int(11) NOT NULL auto_increment,
  `domain` varchar(100) NOT NULL,
  `name` varchar(50) NOT NULL,
  PRIMARY KEY  (`id`)
) ENGINE=MyISAM AUTO_INCREMENT=2 DEFAULT CHARSET=latin1;

--
-- Dumping data for table `sissan`.`django_site`
--

/*!40000 ALTER TABLE `django_site` DISABLE KEYS */;
LOCK TABLES `django_site` WRITE;
INSERT INTO `sissan`.`django_site` VALUES  (1,'example.com','example.com');
UNLOCK TABLES;
/*!40000 ALTER TABLE `django_site` ENABLE KEYS */;


--
-- Definition of table `sissan`.`economico_exportacion`
--

DROP TABLE IF EXISTS `sissan`.`economico_exportacion`;
CREATE TABLE  `sissan`.`economico_exportacion` (
  `id` int(11) NOT NULL auto_increment,
  `ano` int(11) NOT NULL,
  `mes` int(11) NOT NULL,
  `fob` decimal(10,2) NOT NULL,
  PRIMARY KEY  (`id`)
) ENGINE=MyISAM AUTO_INCREMENT=185 DEFAULT CHARSET=latin1;

--
-- Dumping data for table `sissan`.`economico_exportacion`
--

/*!40000 ALTER TABLE `economico_exportacion` DISABLE KEYS */;
LOCK TABLES `economico_exportacion` WRITE;
INSERT INTO `sissan`.`economico_exportacion` VALUES  (1,1994,1,'27.00'),
 (2,1994,2,'28.70'),
 (3,1994,3,'36.50'),
 (4,1994,4,'27.30'),
 (5,1994,5,'36.90'),
 (6,1994,6,'25.60'),
 (7,1994,7,'22.10'),
 (8,1994,8,'23.40'),
 (9,1994,9,'28.00'),
 (10,1994,10,'19.80'),
 (11,1994,11,'21.60'),
 (12,1994,12,'37.70'),
 (13,1995,1,'51.70'),
 (14,1995,2,'34.60'),
 (15,1995,3,'58.20'),
 (16,1995,4,'38.20'),
 (17,1995,5,'50.40'),
 (18,1995,6,'35.00'),
 (19,1995,7,'31.80'),
 (20,1995,8,'35.00'),
 (21,1995,9,'29.20'),
 (22,1995,10,'26.60'),
 (23,1995,11,'31.30'),
 (24,1995,12,'44.00'),
 (25,1996,1,'48.40'),
 (26,1996,2,'57.00'),
 (27,1996,3,'54.80'),
 (28,1996,4,'46.00'),
 (29,1996,5,'49.40'),
 (30,1996,6,'35.80'),
 (31,1996,7,'26.70'),
 (32,1996,8,'26.00'),
 (33,1996,9,'24.70'),
 (34,1996,10,'27.30'),
 (35,1996,11,'31.50'),
 (36,1996,12,'38.80'),
 (37,1997,1,'49.60'),
 (38,1997,2,'58.80'),
 (39,1997,3,'61.50'),
 (40,1997,4,'54.80'),
 (41,1997,5,'53.90'),
 (42,1997,6,'41.30'),
 (43,1997,7,'46.80'),
 (44,1997,8,'39.40'),
 (45,1997,9,'41.60');
INSERT INTO `sissan`.`economico_exportacion` VALUES  (46,1997,10,'38.00'),
 (47,1997,11,'44.20'),
 (48,1997,12,'46.80'),
 (49,1998,1,'66.30'),
 (50,1998,2,'69.20'),
 (51,1998,3,'64.10'),
 (52,1998,4,'64.60'),
 (53,1998,5,'52.60'),
 (54,1998,6,'40.80'),
 (55,1998,7,'44.40'),
 (56,1998,8,'39.60'),
 (57,1998,9,'33.70'),
 (58,1998,10,'33.60'),
 (59,1998,11,'24.50'),
 (60,1998,12,'39.80'),
 (61,1999,1,'45.70'),
 (62,1999,2,'61.60'),
 (63,1999,3,'53.10'),
 (64,1999,4,'53.20'),
 (65,1999,5,'59.00'),
 (66,1999,6,'41.50'),
 (67,1999,7,'41.90'),
 (68,1999,8,'33.60'),
 (69,1999,9,'29.70'),
 (70,1999,10,'31.80'),
 (71,1999,11,'44.50'),
 (72,1999,12,'50.50'),
 (73,2000,1,'46.50'),
 (74,2000,2,'78.30'),
 (75,2000,3,'73.60'),
 (76,2000,4,'53.00'),
 (77,2000,5,'61.20'),
 (78,2000,6,'48.40'),
 (79,2000,7,'52.80'),
 (80,2000,8,'40.40'),
 (81,2000,9,'44.30'),
 (82,2000,10,'43.90'),
 (83,2000,11,'57.10'),
 (84,2000,12,'43.30'),
 (85,2001,1,'52.10'),
 (86,2001,2,'47.70'),
 (87,2001,3,'65.80'),
 (88,2001,4,'56.60'),
 (89,2001,5,'71.00');
INSERT INTO `sissan`.`economico_exportacion` VALUES  (90,2001,6,'50.10'),
 (91,2001,7,'45.90'),
 (92,2001,8,'46.90'),
 (93,2001,9,'40.10'),
 (94,2001,10,'41.00'),
 (95,2001,11,'36.30'),
 (96,2001,12,'35.90'),
 (97,2002,1,'40.00'),
 (98,2002,2,'53.00'),
 (99,2002,3,'58.60'),
 (100,2002,4,'57.30'),
 (101,2002,5,'47.00'),
 (102,2002,6,'39.70'),
 (103,2002,7,'40.70'),
 (104,2002,8,'52.60'),
 (105,2002,9,'43.20'),
 (106,2002,10,'45.40'),
 (107,2002,11,'41.30'),
 (108,2002,12,'39.90'),
 (109,2003,1,'46.60'),
 (110,2003,2,'55.70'),
 (111,2003,3,'52.00'),
 (112,2003,4,'57.70'),
 (113,2003,5,'50.20'),
 (114,2003,6,'44.10'),
 (115,2003,7,'49.20'),
 (116,2003,8,'50.70'),
 (117,2003,9,'49.30'),
 (118,2003,10,'51.90'),
 (119,2003,11,'50.40'),
 (120,2003,12,'53.10'),
 (121,2004,1,'53.90'),
 (122,2004,2,'62.90'),
 (123,2004,3,'69.20'),
 (124,2004,4,'69.80'),
 (125,2004,5,'66.50'),
 (126,2004,6,'61.50'),
 (127,2004,7,'60.80'),
 (128,2004,8,'67.80'),
 (129,2004,9,'58.90'),
 (130,2004,10,'61.70'),
 (131,2004,11,'56.80'),
 (132,2004,12,'70.00');
INSERT INTO `sissan`.`economico_exportacion` VALUES  (133,2005,1,'65.30'),
 (134,2005,2,'75.10'),
 (135,2005,3,'80.40'),
 (136,2005,4,'75.30'),
 (137,2005,5,'73.20'),
 (138,2005,6,'70.90'),
 (139,2005,7,'67.20'),
 (140,2005,8,'79.40'),
 (141,2005,9,'69.00'),
 (142,2005,10,'67.20'),
 (143,2005,11,'64.90'),
 (144,2005,12,'78.10'),
 (145,2006,1,'72.60'),
 (146,2006,2,'79.60'),
 (147,2006,3,'99.30'),
 (148,2006,4,'84.10'),
 (149,2006,5,'102.30'),
 (150,2006,6,'95.60'),
 (151,2006,7,'77.10'),
 (152,2006,8,'90.30'),
 (153,2006,9,'80.00'),
 (154,2006,10,'89.00'),
 (155,2006,11,'86.90'),
 (156,2006,12,'93.10'),
 (157,2007,1,'90.70'),
 (158,2007,2,'96.60'),
 (159,2007,3,'122.30'),
 (160,2007,4,'94.90'),
 (161,2007,5,'106.00'),
 (162,2007,6,'110.00'),
 (163,2007,7,'105.00'),
 (164,2007,8,'103.10'),
 (165,2007,9,'93.30'),
 (166,2007,10,'101.30'),
 (167,2007,11,'99.30'),
 (168,2007,12,'102.40'),
 (169,2008,1,'120.30'),
 (170,2008,2,'130.00'),
 (171,2008,3,'148.70'),
 (172,2008,4,'152.40'),
 (173,2008,5,'112.80'),
 (174,2008,6,'148.30');
INSERT INTO `sissan`.`economico_exportacion` VALUES  (175,2008,7,'129.40'),
 (176,2008,8,'135.60'),
 (177,2008,9,'119.60'),
 (178,2008,10,'116.90'),
 (179,2008,11,'84.80'),
 (180,2008,12,'89.80'),
 (181,2009,1,'94.90'),
 (182,2009,2,'116.80'),
 (183,2009,3,'143.40'),
 (184,2009,4,'114.80');
UNLOCK TABLES;
/*!40000 ALTER TABLE `economico_exportacion` ENABLE KEYS */;


--
-- Definition of table `sissan`.`lugar_departamento`
--

DROP TABLE IF EXISTS `sissan`.`lugar_departamento`;
CREATE TABLE  `sissan`.`lugar_departamento` (
  `nombre` varchar(30) NOT NULL,
  `numero` decimal(2,0) NOT NULL,
  PRIMARY KEY  (`numero`)
) ENGINE=MyISAM DEFAULT CHARSET=latin1;

--
-- Dumping data for table `sissan`.`lugar_departamento`
--

/*!40000 ALTER TABLE `lugar_departamento` DISABLE KEYS */;
LOCK TABLES `lugar_departamento` WRITE;
INSERT INTO `sissan`.`lugar_departamento` VALUES  ('Boaco','50'),
 ('Carazo','75'),
 ('Chinandega','30'),
 ('Chontales','65'),
 ('Esteli','25'),
 ('Granada','70'),
 ('Jinotega','10'),
 ('Leon','35'),
 ('Madriz','20'),
 ('Managua','55'),
 ('Masaya','60'),
 ('Matagalpa','40'),
 ('Nueva Segovia','5'),
 ('RAAN','91'),
 ('RAAS','93'),
 ('Rio San Juan','85'),
 ('Rivas','80');
UNLOCK TABLES;
/*!40000 ALTER TABLE `lugar_departamento` ENABLE KEYS */;


--
-- Definition of table `sissan`.`lugar_municipio`
--

DROP TABLE IF EXISTS `sissan`.`lugar_municipio`;
CREATE TABLE  `sissan`.`lugar_municipio` (
  `id` int(11) NOT NULL auto_increment,
  `nombre` varchar(30) NOT NULL,
  `departamento_id` decimal(2,0) NOT NULL,
  PRIMARY KEY  (`id`),
  KEY `lugar_municipio_departamento_id` (`departamento_id`)
) ENGINE=MyISAM DEFAULT CHARSET=latin1;

--
-- Dumping data for table `sissan`.`lugar_municipio`
--

/*!40000 ALTER TABLE `lugar_municipio` DISABLE KEYS */;
LOCK TABLES `lugar_municipio` WRITE;
UNLOCK TABLES;
/*!40000 ALTER TABLE `lugar_municipio` ENABLE KEYS */;


--
-- Definition of table `sissan`.`socio_demografico_crecimiento`
--

DROP TABLE IF EXISTS `sissan`.`socio_demografico_crecimiento`;
CREATE TABLE  `sissan`.`socio_demografico_crecimiento` (
  `id` int(11) NOT NULL auto_increment,
  `ano` varchar(12) NOT NULL,
  `crecimiento` decimal(10,2) NOT NULL,
  PRIMARY KEY  (`id`)
) ENGINE=MyISAM AUTO_INCREMENT=21 DEFAULT CHARSET=latin1;

--
-- Dumping data for table `sissan`.`socio_demografico_crecimiento`
--

/*!40000 ALTER TABLE `socio_demografico_crecimiento` DISABLE KEYS */;
LOCK TABLES `socio_demografico_crecimiento` WRITE;
INSERT INTO `sissan`.`socio_demografico_crecimiento` VALUES  (1,'1950-1955','3.00'),
 (2,'1955-1960','3.10'),
 (3,'1960-1965','3.20'),
 (4,'1965-1970','3.20'),
 (5,'1970-1975','3.30'),
 (6,'1975-1980','3.10'),
 (7,'1980-1985','2.80'),
 (8,'1985-1990','2.30'),
 (9,'1990-1995','2.50'),
 (10,'1995-2000','2.00'),
 (11,'2000-2005','2.00'),
 (12,'2005-2010','1.90'),
 (13,'2010-2015','1.80'),
 (14,'2015-2020','1.70'),
 (15,'2020-2025','1.50'),
 (16,'2025-2030','1.30'),
 (17,'2030-2035','1.00'),
 (18,'2035-2040','0.90'),
 (19,'2040-2045','0.80'),
 (20,'2045-2050','0.70');
UNLOCK TABLES;
/*!40000 ALTER TABLE `socio_demografico_crecimiento` ENABLE KEYS */;


--
-- Definition of table `sissan`.`socio_demografico_esperanza`
--

DROP TABLE IF EXISTS `sissan`.`socio_demografico_esperanza`;
CREATE TABLE  `sissan`.`socio_demografico_esperanza` (
  `id` int(11) NOT NULL auto_increment,
  `ano` varchar(12) NOT NULL,
  `ambos_sexos` decimal(10,2) NOT NULL,
  `mujer` decimal(10,2) NOT NULL,
  `hombre` decimal(10,2) NOT NULL,
  PRIMARY KEY  (`id`)
) ENGINE=MyISAM AUTO_INCREMENT=38 DEFAULT CHARSET=latin1;

--
-- Dumping data for table `sissan`.`socio_demografico_esperanza`
--

/*!40000 ALTER TABLE `socio_demografico_esperanza` DISABLE KEYS */;
LOCK TABLES `socio_demografico_esperanza` WRITE;
INSERT INTO `sissan`.`socio_demografico_esperanza` VALUES  (26,'1950-1955','42.31','43.73','40.89'),
 (27,'1955-1960','45.44','46.76','44.11'),
 (28,'1960-1965','48.66','50.00','47.31'),
 (29,'1965-1970','51.96','53.41','50.51'),
 (30,'1970-1975','55.26','56.81','53.70'),
 (31,'1975-1980','57.65','60.00','55.29'),
 (32,'1980-1985','59.54','62.61','56.46'),
 (33,'1985-1990','62.25','65.50','59.00'),
 (34,'1990-1995','66.12','68.70','63.53'),
 (35,'1995-2000','63.51','70.36','56.65'),
 (36,'2000-2005','69.54','71.92','67.15'),
 (37,'2005-2010','71.07','73.48','68.65');
UNLOCK TABLES;
/*!40000 ALTER TABLE `socio_demografico_esperanza` ENABLE KEYS */;


--
-- Definition of table `sissan`.`socio_demografico_fecundidad`
--

DROP TABLE IF EXISTS `sissan`.`socio_demografico_fecundidad`;
CREATE TABLE  `sissan`.`socio_demografico_fecundidad` (
  `id` int(11) NOT NULL auto_increment,
  `ano` varchar(12) NOT NULL,
  `fecundidad` decimal(10,2) NOT NULL,
  `natalidad` decimal(10,2) NOT NULL,
  PRIMARY KEY  (`id`)
) ENGINE=MyISAM AUTO_INCREMENT=14 DEFAULT CHARSET=latin1;

--
-- Dumping data for table `sissan`.`socio_demografico_fecundidad`
--

/*!40000 ALTER TABLE `socio_demografico_fecundidad` DISABLE KEYS */;
LOCK TABLES `socio_demografico_fecundidad` WRITE;
INSERT INTO `sissan`.`socio_demografico_fecundidad` VALUES  (1,'1950-1955','7.33','0.00'),
 (2,'1955-1960','7.33','0.00'),
 (3,'1960-1965','7.33','0.00'),
 (4,'1965-1970','7.10','0.00'),
 (5,'1970-1975','6.79','0.00'),
 (6,'1975-1980','6.40','0.00'),
 (7,'1980-1985','6.00','0.00'),
 (8,'1985-1990','5.20','0.00'),
 (9,'1990-1995','4.60','36.05'),
 (10,'1995-2000','3.90','32.45'),
 (11,'2000-2005','3.30','29.09'),
 (12,'2005-2010','2.99','27.24'),
 (13,'2010-2015','0.00','22.56');
UNLOCK TABLES;
/*!40000 ALTER TABLE `socio_demografico_fecundidad` ENABLE KEYS */;


--
-- Definition of table `sissan`.`socio_demografico_mortalidad_infantil`
--

DROP TABLE IF EXISTS `sissan`.`socio_demografico_mortalidad_infantil`;
CREATE TABLE  `sissan`.`socio_demografico_mortalidad_infantil` (
  `id` int(11) NOT NULL auto_increment,
  `ano` int(11) NOT NULL,
  `mortalidad` decimal(10,2) NOT NULL,
  `mortalidad_menor` decimal(10,2) NOT NULL,
  PRIMARY KEY  (`id`)
) ENGINE=MyISAM AUTO_INCREMENT=17 DEFAULT CHARSET=latin1;

--
-- Dumping data for table `sissan`.`socio_demografico_mortalidad_infantil`
--

/*!40000 ALTER TABLE `socio_demografico_mortalidad_infantil` DISABLE KEYS */;
LOCK TABLES `socio_demografico_mortalidad_infantil` WRITE;
INSERT INTO `sissan`.`socio_demografico_mortalidad_infantil` VALUES  (14,2004,'31.00','38.00'),
 (13,2000,'34.00','43.00'),
 (12,1995,'41.00','53.00'),
 (11,1990,'52.00','68.00'),
 (10,1980,'82.00','113.00'),
 (9,1970,'113.00','165.00'),
 (8,1960,'130.00','193.00'),
 (15,2005,'30.00','37.00'),
 (16,2006,'29.00','36.00');
UNLOCK TABLES;
/*!40000 ALTER TABLE `socio_demografico_mortalidad_infantil` ENABLE KEYS */;


--
-- Definition of table `sissan`.`socio_demografico_mortalidad_materna`
--

DROP TABLE IF EXISTS `sissan`.`socio_demografico_mortalidad_materna`;
CREATE TABLE  `sissan`.`socio_demografico_mortalidad_materna` (
  `id` int(11) NOT NULL auto_increment,
  `ano` int(11) NOT NULL,
  `mortalidad` decimal(10,2) NOT NULL,
  PRIMARY KEY  (`id`)
) ENGINE=MyISAM AUTO_INCREMENT=8 DEFAULT CHARSET=latin1;

--
-- Dumping data for table `sissan`.`socio_demografico_mortalidad_materna`
--

/*!40000 ALTER TABLE `socio_demografico_mortalidad_materna` DISABLE KEYS */;
LOCK TABLES `socio_demografico_mortalidad_materna` WRITE;
INSERT INTO `sissan`.`socio_demografico_mortalidad_materna` VALUES  (1,1997,'139.00'),
 (2,1998,'102.00'),
 (3,1999,'118.00'),
 (4,2000,'0.00'),
 (5,2001,'87.00'),
 (6,2002,'95.60'),
 (7,2003,'82.80');
UNLOCK TABLES;
/*!40000 ALTER TABLE `socio_demografico_mortalidad_materna` ENABLE KEYS */;




/*!40101 SET SQL_MODE=@OLD_SQL_MODE */;
/*!40014 SET FOREIGN_KEY_CHECKS=@OLD_FOREIGN_KEY_CHECKS */;
/*!40014 SET UNIQUE_CHECKS=@OLD_UNIQUE_CHECKS */;
/*!40101 SET CHARACTER_SET_CLIENT=@OLD_CHARACTER_SET_CLIENT */;
/*!40101 SET CHARACTER_SET_RESULTS=@OLD_CHARACTER_SET_RESULTS */;
/*!40101 SET COLLATION_CONNECTION=@OLD_COLLATION_CONNECTION */;
/*!40101 SET CHARACTER_SET_CLIENT=@OLD_CHARACTER_SET_CLIENT */;
