-- MySQL Administrator dump 1.4
--
-- ------------------------------------------------------
-- Server version	5.0.51a-3ubuntu5.4


/*!40101 SET @OLD_CHARACTER_SET_CLIENT=@@CHARACTER_SET_CLIENT */;
/*!40101 SET @OLD_CHARACTER_SET_RESULTS=@@CHARACTER_SET_RESULTS */;
/*!40101 SET @OLD_COLLATION_CONNECTION=@@COLLATION_CONNECTION */;
/*!40101 SET NAMES utf8 */;

/*!40014 SET @OLD_UNIQUE_CHECKS=@@UNIQUE_CHECKS, UNIQUE_CHECKS=0 */;
/*!40014 SET @OLD_FOREIGN_KEY_CHECKS=@@FOREIGN_KEY_CHECKS, FOREIGN_KEY_CHECKS=0 */;
/*!40101 SET @OLD_SQL_MODE=@@SQL_MODE, SQL_MODE='NO_AUTO_VALUE_ON_ZERO' */;


--
-- Create schema sissan
--

CREATE DATABASE IF NOT EXISTS sissan;
USE sissan;

--
-- Definition of table `sissan`.`auth_group`
--

DROP TABLE IF EXISTS `sissan`.`auth_group`;
CREATE TABLE  `sissan`.`auth_group` (
  `id` int(11) NOT NULL auto_increment,
  `name` varchar(80) NOT NULL,
  PRIMARY KEY  (`id`),
  UNIQUE KEY `name` (`name`)
) ENGINE=MyISAM DEFAULT CHARSET=latin1;

--
-- Dumping data for table `sissan`.`auth_group`
--

/*!40000 ALTER TABLE `auth_group` DISABLE KEYS */;
LOCK TABLES `auth_group` WRITE;
UNLOCK TABLES;
/*!40000 ALTER TABLE `auth_group` ENABLE KEYS */;


--
-- Definition of table `sissan`.`auth_group_permissions`
--

DROP TABLE IF EXISTS `sissan`.`auth_group_permissions`;
CREATE TABLE  `sissan`.`auth_group_permissions` (
  `id` int(11) NOT NULL auto_increment,
  `group_id` int(11) NOT NULL,
  `permission_id` int(11) NOT NULL,
  PRIMARY KEY  (`id`),
  UNIQUE KEY `group_id` (`group_id`,`permission_id`),
  KEY `permission_id_refs_id_5886d21f` (`permission_id`)
) ENGINE=MyISAM DEFAULT CHARSET=latin1;

--
-- Dumping data for table `sissan`.`auth_group_permissions`
--

/*!40000 ALTER TABLE `auth_group_permissions` DISABLE KEYS */;
LOCK TABLES `auth_group_permissions` WRITE;
UNLOCK TABLES;
/*!40000 ALTER TABLE `auth_group_permissions` ENABLE KEYS */;


--
-- Definition of table `sissan`.`auth_message`
--

DROP TABLE IF EXISTS `sissan`.`auth_message`;
CREATE TABLE  `sissan`.`auth_message` (
  `id` int(11) NOT NULL auto_increment,
  `user_id` int(11) NOT NULL,
  `message` longtext NOT NULL,
  PRIMARY KEY  (`id`),
  KEY `auth_message_user_id` (`user_id`)
) ENGINE=MyISAM AUTO_INCREMENT=33 DEFAULT CHARSET=latin1;

--
-- Dumping data for table `sissan`.`auth_message`
--

/*!40000 ALTER TABLE `auth_message` DISABLE KEYS */;
LOCK TABLES `auth_message` WRITE;
UNLOCK TABLES;
/*!40000 ALTER TABLE `auth_message` ENABLE KEYS */;


--
-- Definition of table `sissan`.`auth_permission`
--

DROP TABLE IF EXISTS `sissan`.`auth_permission`;
CREATE TABLE  `sissan`.`auth_permission` (
  `id` int(11) NOT NULL auto_increment,
  `name` varchar(50) NOT NULL,
  `content_type_id` int(11) NOT NULL,
  `codename` varchar(100) NOT NULL,
  PRIMARY KEY  (`id`),
  UNIQUE KEY `content_type_id` (`content_type_id`,`codename`),
  KEY `auth_permission_content_type_id` (`content_type_id`)
) ENGINE=MyISAM AUTO_INCREMENT=52 DEFAULT CHARSET=latin1;

--
-- Dumping data for table `sissan`.`auth_permission`
--

/*!40000 ALTER TABLE `auth_permission` DISABLE KEYS */;
LOCK TABLES `auth_permission` WRITE;
INSERT INTO `sissan`.`auth_permission` VALUES  (1,'Can add permission',1,'add_permission'),
 (2,'Can change permission',1,'change_permission'),
 (3,'Can delete permission',1,'delete_permission'),
 (4,'Can add group',2,'add_group'),
 (5,'Can change group',2,'change_group'),
 (6,'Can delete group',2,'delete_group'),
 (7,'Can add user',3,'add_user'),
 (8,'Can change user',3,'change_user'),
 (9,'Can delete user',3,'delete_user'),
 (10,'Can add message',4,'add_message'),
 (11,'Can change message',4,'change_message'),
 (12,'Can delete message',4,'delete_message'),
 (13,'Can add content type',5,'add_contenttype'),
 (14,'Can change content type',5,'change_contenttype'),
 (15,'Can delete content type',5,'delete_contenttype'),
 (16,'Can add session',6,'add_session'),
 (17,'Can change session',6,'change_session'),
 (18,'Can delete session',6,'delete_session'),
 (19,'Can add site',7,'add_site'),
 (20,'Can change site',7,'change_site'),
 (21,'Can delete site',7,'delete_site'),
 (22,'Can add poblacion',8,'add_poblacion'),
 (23,'Can change poblacion',8,'change_poblacion');
INSERT INTO `sissan`.`auth_permission` VALUES  (24,'Can delete poblacion',8,'delete_poblacion'),
 (25,'Can add departamento',9,'add_departamento'),
 (26,'Can change departamento',9,'change_departamento'),
 (27,'Can delete departamento',9,'delete_departamento'),
 (28,'Can add municipio',10,'add_municipio'),
 (29,'Can change municipio',10,'change_municipio'),
 (30,'Can delete municipio',10,'delete_municipio'),
 (31,'Can add version',11,'add_version'),
 (32,'Can change version',11,'change_version'),
 (33,'Can delete version',11,'delete_version'),
 (34,'Can add evolution',12,'add_evolution'),
 (35,'Can change evolution',12,'change_evolution'),
 (36,'Can delete evolution',12,'delete_evolution'),
 (37,'Can add log entry',13,'add_logentry'),
 (38,'Can change log entry',13,'change_logentry'),
 (39,'Can delete log entry',13,'delete_logentry'),
 (40,'Can add exportacion',14,'add_exportacion'),
 (41,'Can change exportacion',14,'change_exportacion'),
 (42,'Can delete exportacion',14,'delete_exportacion'),
 (43,'Can add crecimiento',15,'add_crecimiento');
INSERT INTO `sissan`.`auth_permission` VALUES  (44,'Can change crecimiento',15,'change_crecimiento'),
 (45,'Can delete crecimiento',15,'delete_crecimiento'),
 (46,'Can add esperanza',16,'add_esperanza'),
 (47,'Can change esperanza',16,'change_esperanza'),
 (48,'Can delete esperanza',16,'delete_esperanza'),
 (49,'Can add fecundidad',17,'add_fecundidad'),
 (50,'Can change fecundidad',17,'change_fecundidad'),
 (51,'Can delete fecundidad',17,'delete_fecundidad');
UNLOCK TABLES;
/*!40000 ALTER TABLE `auth_permission` ENABLE KEYS */;


--
-- Definition of table `sissan`.`auth_user`
--

DROP TABLE IF EXISTS `sissan`.`auth_user`;
CREATE TABLE  `sissan`.`auth_user` (
  `id` int(11) NOT NULL auto_increment,
  `username` varchar(30) NOT NULL,
  `first_name` varchar(30) NOT NULL,
  `last_name` varchar(30) NOT NULL,
  `email` varchar(75) NOT NULL,
  `password` varchar(128) NOT NULL,
  `is_staff` tinyint(1) NOT NULL,
  `is_active` tinyint(1) NOT NULL,
  `is_superuser` tinyint(1) NOT NULL,
  `last_login` datetime NOT NULL,
  `date_joined` datetime NOT NULL,
  PRIMARY KEY  (`id`),
  UNIQUE KEY `username` (`username`)
) ENGINE=MyISAM AUTO_INCREMENT=2 DEFAULT CHARSET=latin1;

--
-- Dumping data for table `sissan`.`auth_user`
--

/*!40000 ALTER TABLE `auth_user` DISABLE KEYS */;
LOCK TABLES `auth_user` WRITE;
INSERT INTO `sissan`.`auth_user` VALUES  (1,'django','','','byroncorrales@gmail.com','sha1$281b5$7d6e89ff0548323ce7116ec41ba1c3b58de43853',1,1,1,'2009-07-07 17:13:57','2009-06-30 00:46:00');
UNLOCK TABLES;
/*!40000 ALTER TABLE `auth_user` ENABLE KEYS */;


--
-- Definition of table `sissan`.`auth_user_groups`
--

DROP TABLE IF EXISTS `sissan`.`auth_user_groups`;
CREATE TABLE  `sissan`.`auth_user_groups` (
  `id` int(11) NOT NULL auto_increment,
  `user_id` int(11) NOT NULL,
  `group_id` int(11) NOT NULL,
  PRIMARY KEY  (`id`),
  UNIQUE KEY `user_id` (`user_id`,`group_id`),
  KEY `group_id_refs_id_f116770` (`group_id`)
) ENGINE=MyISAM DEFAULT CHARSET=latin1;

--
-- Dumping data for table `sissan`.`auth_user_groups`
--

/*!40000 ALTER TABLE `auth_user_groups` DISABLE KEYS */;
LOCK TABLES `auth_user_groups` WRITE;
UNLOCK TABLES;
/*!40000 ALTER TABLE `auth_user_groups` ENABLE KEYS */;


--
-- Definition of table `sissan`.`auth_user_user_permissions`
--

DROP TABLE IF EXISTS `sissan`.`auth_user_user_permissions`;
CREATE TABLE  `sissan`.`auth_user_user_permissions` (
  `id` int(11) NOT NULL auto_increment,
  `user_id` int(11) NOT NULL,
  `permission_id` int(11) NOT NULL,
  PRIMARY KEY  (`id`),
  UNIQUE KEY `user_id` (`user_id`,`permission_id`),
  KEY `permission_id_refs_id_67e79cb` (`permission_id`)
) ENGINE=MyISAM DEFAULT CHARSET=latin1;

--
-- Dumping data for table `sissan`.`auth_user_user_permissions`
--

/*!40000 ALTER TABLE `auth_user_user_permissions` DISABLE KEYS */;
LOCK TABLES `auth_user_user_permissions` WRITE;
UNLOCK TABLES;
/*!40000 ALTER TABLE `auth_user_user_permissions` ENABLE KEYS */;


--
-- Definition of table `sissan`.`demografico_poblacion`
--

DROP TABLE IF EXISTS `sissan`.`demografico_poblacion`;
CREATE TABLE  `sissan`.`demografico_poblacion` (
  `id` int(11) NOT NULL auto_increment,
  `ano` int(11) NOT NULL,
  `total_ambos_sexos` int(11) NOT NULL,
  `total_hombre` int(11) NOT NULL,
  `total_mujer` int(11) NOT NULL,
  `urbano_ambos_sexos` int(11) NOT NULL,
  `urbano_hombre` int(11) NOT NULL,
  `urbano_mujer` int(11) NOT NULL,
  `rural_ambos_sexos` int(11) NOT NULL,
  `rural_hombre` int(11) NOT NULL,
  `rural_mujer` int(11) NOT NULL,
  `departamento_id` decimal(2,0) NOT NULL,
  PRIMARY KEY  (`id`),
  KEY `demografico_poblacion_departamento_id` (`departamento_id`)
) ENGINE=MyISAM AUTO_INCREMENT=617 DEFAULT CHARSET=latin1;

--
-- Dumping data for table `sissan`.`demografico_poblacion`
--

/*!40000 ALTER TABLE `demografico_poblacion` DISABLE KEYS */;
LOCK TABLES `demografico_poblacion` WRITE;
INSERT INTO `sissan`.`demografico_poblacion` VALUES  (615,2007,336234,170284,165950,130409,64063,66346,205825,106221,99604,'93'),
 (614,2007,370516,188800,181716,107027,52263,54764,263489,136537,126952,'91'),
 (613,2007,103961,53876,50085,26298,12765,13533,77663,41111,36552,'85'),
 (612,2007,168859,83534,85325,97179,44839,52340,71680,38695,32985,'65'),
 (611,2007,163381,81185,82196,52242,25077,27165,111139,56108,55031,'50'),
 (610,2007,501602,250234,251368,193055,93648,99407,308547,156586,151961,'40'),
 (609,2007,367697,187073,180624,79610,37832,41778,288087,149241,138846,'10'),
 (608,2007,215308,105045,110263,127775,59811,67964,87533,45234,42299,'25'),
 (607,2007,144711,73580,71131,44746,21719,23027,99965,51861,48104,'20'),
 (606,2007,227216,114702,112514,95046,45762,49284,132170,68940,63230,'5'),
 (605,2007,166367,84026,82341,78461,37934,40527,87906,46092,41814,'80'),
 (604,2007,174578,86009,88569,109446,52683,56763,65132,33326,31806,'75'),
 (603,2007,187449,93390,94059,123274,59299,63975,64175,34091,30084,'70'),
 (602,2007,321268,159285,161983,183319,88126,95193,137949,71159,66790,'60');
INSERT INTO `sissan`.`demografico_poblacion` VALUES  (601,2007,1347124,649004,698120,1222988,589048,633940,124136,59956,64180,'55'),
 (600,2007,390775,192388,198387,233821,111670,122151,156954,80718,76236,'35'),
 (599,2007,408495,203223,205272,248111,118893,129218,160384,84330,76054,'30'),
 (598,2006,331030,167862,163168,127180,62418,64762,203850,105444,98406,'93'),
 (597,2006,358857,183142,175715,102550,50043,52507,256307,133099,123208,'91'),
 (596,2006,102186,53042,49144,25702,12464,13238,76484,40578,35906,'85'),
 (595,2006,166086,82206,83880,95193,43885,51308,70893,38321,32572,'65'),
 (594,2006,162049,80564,81485,51455,24679,26776,110594,55885,54709,'50'),
 (593,2006,495859,247650,248209,189771,91979,97792,306088,155671,150417,'40'),
 (592,2006,359399,183100,176299,77008,36573,40435,282391,146527,135864,'10'),
 (591,2006,214128,104544,109584,126399,59106,67293,87729,45438,42291,'25'),
 (590,2006,142945,72780,70165,43857,21271,22586,99088,51509,47579,'20'),
 (589,2006,224476,113450,111026,93323,44897,48426,131153,68553,62600,'5'),
 (588,2006,165576,83715,81861,77750,37557,40193,87826,46158,41668,'80');
INSERT INTO `sissan`.`demografico_poblacion` VALUES  (587,2006,173031,85322,87709,108146,52023,56123,64885,33299,31586,'75'),
 (586,2006,185549,92496,93053,121534,58412,63122,64015,34084,29931,'70'),
 (585,2006,316116,156846,159270,179552,86239,93313,136564,70607,65957,'60'),
 (584,2006,1328971,640252,688719,1202918,578835,624083,126053,61417,64636,'55'),
 (583,2006,389396,191808,197588,231871,110684,121187,157525,81124,76401,'35'),
 (582,2006,406952,202635,204317,245709,117629,128080,161243,85006,76237,'30'),
 (581,2005,378022,191422,186600,157259,78030,79229,220763,113392,107371,'93'),
 (580,2005,253773,129158,124615,75011,36499,38512,178762,92659,86103,'91'),
 (579,2005,95546,49857,45689,23050,10805,12245,72496,39052,33444,'85'),
 (578,2005,182019,90354,91665,107288,50457,56831,74731,39897,34834,'65'),
 (577,2005,168590,84689,83901,62664,28549,34115,105926,56140,49786,'50'),
 (576,2005,484902,244500,240402,209223,99124,110099,275679,145376,130303,'40'),
 (575,2005,297270,151122,146148,81887,38061,43826,215383,113061,102322,'10'),
 (574,2005,215384,106913,108471,127225,60177,67048,88159,46736,41423,'25');
INSERT INTO `sissan`.`demografico_poblacion` VALUES  (573,2005,133250,68516,64734,37967,18323,19644,95283,50193,45090,'20'),
 (572,2005,211233,106355,104908,95014,46340,48674,116219,60015,56234,'5'),
 (571,2005,166938,85096,81842,68123,32997,35126,98815,52099,46716,'80'),
 (570,2005,177142,89149,87993,107080,52673,54407,70062,36476,33586,'75'),
 (569,2005,190604,95663,94941,124235,60450,63785,66369,35213,31156,'70'),
 (568,2005,317499,159024,158475,189870,92715,97155,127629,66309,61320,'60'),
 (567,2005,1380339,673487,706852,1258146,607329,650817,122193,66158,56035,'55'),
 (566,2005,389628,194614,195014,232298,111665,120633,157330,82949,74381,'35'),
 (565,2005,441308,220988,220320,276270,135481,140789,165038,85507,79531,'30'),
 (564,2004,367950,186436,181514,151174,74888,76286,216776,111548,105228,'93'),
 (563,2004,248853,126575,122278,72954,35488,37466,175899,91087,84812,'91'),
 (562,2004,93449,48795,44654,22350,10530,11820,71099,38265,32834,'85'),
 (561,2004,178322,88525,89797,103833,48782,55051,74489,39743,34746,'65'),
 (560,2004,165686,83226,82460,60446,27555,32891,105240,55671,49569,'50');
INSERT INTO `sissan`.`demografico_poblacion` VALUES  (559,2004,475658,239879,235779,200842,95109,105733,274816,144770,130046,'40'),
 (558,2004,292138,148571,143567,79444,36940,42504,212694,111631,101063,'10'),
 (557,2004,210657,104539,106118,123587,58389,65198,87070,46150,40920,'25'),
 (556,2004,130978,67308,63670,36872,17766,19106,94106,49542,44564,'20'),
 (555,2004,207718,104625,103093,92066,44854,47212,115652,59771,55881,'5'),
 (554,2004,164420,83750,80670,66281,32078,34203,98139,51672,46467,'80'),
 (553,2004,174471,87745,86726,105118,51619,53499,69353,36126,33227,'75'),
 (552,2004,187496,94012,93484,121856,59208,62648,65640,34804,30836,'70'),
 (551,2004,310324,155344,154980,185045,90294,94751,125279,65050,60229,'60'),
 (550,2004,1350045,658321,691724,1229492,592865,636627,120553,65456,55097,'55'),
 (549,2004,384697,192054,192643,228150,109564,118586,156547,82490,74057,'35'),
 (548,2004,431963,216371,215592,269100,131822,137278,162863,84549,78314,'30'),
 (547,2003,358095,181548,176547,145230,71824,73406,212865,109724,103141,'93'),
 (546,2003,243992,124024,119968,70945,34499,36446,173047,89525,83522,'91');
INSERT INTO `sissan`.`demografico_poblacion` VALUES  (545,2003,91386,47750,43636,21662,10257,11405,69724,37493,32231,'85'),
 (544,2003,174676,86721,87955,100424,47130,53294,74252,39591,34661,'65'),
 (543,2003,162809,81777,81032,58241,26565,31676,104568,55212,49356,'50'),
 (542,2003,466529,235312,231217,192541,91136,101405,273988,144176,129812,'40'),
 (541,2003,287058,146043,141015,77021,35827,41194,210037,110216,99821,'10'),
 (540,2003,206006,102204,103802,120022,56639,63383,85984,45565,40419,'25'),
 (539,2003,128729,66114,62615,35787,17216,18571,92942,48898,44044,'20'),
 (538,2003,204236,102937,101299,89135,43379,45756,115101,59558,55543,'5'),
 (537,2003,161920,82414,79506,64448,31165,33283,97472,51249,46223,'80'),
 (536,2003,171818,86351,85467,103191,50584,52607,68627,35767,32860,'75'),
 (535,2003,184413,92376,92037,119523,57991,61532,64890,34385,30505,'70'),
 (534,2003,303274,151729,151545,180344,87935,92409,122930,63794,59136,'60'),
 (533,2003,1320235,643402,676833,1201622,578803,622819,118613,64599,54014,'55'),
 (532,2003,379778,189500,190278,224042,107484,116558,155736,82016,73720,'35');
INSERT INTO `sissan`.`demografico_poblacion` VALUES  (531,2003,422761,211822,210939,262085,128245,133840,160676,83577,77099,'30'),
 (530,2002,0,0,0,0,0,0,0,0,0,'93'),
 (529,2002,0,0,0,0,0,0,0,0,0,'91'),
 (518,2002,0,0,0,0,0,0,0,0,0,'70'),
 (517,2002,0,0,0,0,0,0,0,0,0,'60'),
 (516,2002,0,0,0,0,0,0,0,0,0,'55'),
 (515,2002,0,0,0,0,0,0,0,0,0,'35'),
 (514,2002,0,0,0,0,0,0,0,0,0,'30'),
 (528,2002,0,0,0,0,0,0,0,0,0,'85'),
 (527,2002,0,0,0,0,0,0,0,0,0,'65'),
 (526,2002,0,0,0,0,0,0,0,0,0,'50'),
 (525,2002,0,0,0,0,0,0,0,0,0,'40'),
 (524,2002,0,0,0,0,0,0,0,0,0,'10'),
 (523,2002,0,0,0,0,0,0,0,0,0,'25'),
 (522,2002,0,0,0,0,0,0,0,0,0,'20'),
 (521,2002,0,0,0,0,0,0,0,0,0,'5'),
 (520,2002,0,0,0,0,0,0,0,0,0,'80'),
 (519,2002,0,0,0,0,0,0,0,0,0,'75'),
 (513,2001,0,0,0,0,0,0,0,0,0,'93'),
 (512,2001,0,0,0,0,0,0,0,0,0,'91'),
 (511,2001,0,0,0,0,0,0,0,0,0,'85'),
 (510,2001,0,0,0,0,0,0,0,0,0,'65'),
 (509,2001,0,0,0,0,0,0,0,0,0,'50'),
 (508,2001,0,0,0,0,0,0,0,0,0,'40'),
 (507,2001,0,0,0,0,0,0,0,0,0,'10'),
 (506,2001,0,0,0,0,0,0,0,0,0,'25'),
 (505,2001,0,0,0,0,0,0,0,0,0,'20');
INSERT INTO `sissan`.`demografico_poblacion` VALUES  (504,2001,0,0,0,0,0,0,0,0,0,'5'),
 (503,2001,0,0,0,0,0,0,0,0,0,'80'),
 (502,2001,0,0,0,0,0,0,0,0,0,'75'),
 (501,2001,0,0,0,0,0,0,0,0,0,'70'),
 (500,2001,0,0,0,0,0,0,0,0,0,'60'),
 (499,2001,0,0,0,0,0,0,0,0,0,'55'),
 (498,2001,0,0,0,0,0,0,0,0,0,'35'),
 (497,2001,0,0,0,0,0,0,0,0,0,'30'),
 (496,2000,0,0,0,0,0,0,0,0,0,'93'),
 (495,2000,0,0,0,0,0,0,0,0,0,'91'),
 (494,2000,0,0,0,0,0,0,0,0,0,'85'),
 (493,2000,0,0,0,0,0,0,0,0,0,'65'),
 (492,2000,0,0,0,0,0,0,0,0,0,'50'),
 (491,2000,0,0,0,0,0,0,0,0,0,'40'),
 (490,2000,0,0,0,0,0,0,0,0,0,'10'),
 (489,2000,0,0,0,0,0,0,0,0,0,'25'),
 (488,2000,0,0,0,0,0,0,0,0,0,'20'),
 (487,2000,0,0,0,0,0,0,0,0,0,'5'),
 (486,2000,0,0,0,0,0,0,0,0,0,'80'),
 (485,2000,0,0,0,0,0,0,0,0,0,'75'),
 (484,2000,0,0,0,0,0,0,0,0,0,'70'),
 (483,2000,0,0,0,0,0,0,0,0,0,'60'),
 (482,2000,0,0,0,0,0,0,0,0,0,'55'),
 (481,2000,0,0,0,0,0,0,0,0,0,'35'),
 (480,2000,0,0,0,0,0,0,0,0,0,'30'),
 (479,1999,312787,158321,154466,127101,62968,64133,185686,95353,90333,'93'),
 (478,1999,234268,118261,116007,66626,32609,34017,167642,85652,81990,'91');
INSERT INTO `sissan`.`demografico_poblacion` VALUES  (477,1999,84353,44014,40339,19208,9320,9888,65145,34694,30451,'85'),
 (476,1999,163699,80994,82705,88817,41844,46973,74882,39150,35732,'65'),
 (475,1999,154318,77214,77104,50431,23226,27205,103887,53988,49899,'50'),
 (474,1999,438985,220731,218254,163076,77647,85429,275909,143084,132825,'40'),
 (473,1999,304600,154606,149994,67099,31490,35609,237501,123116,114385,'10'),
 (472,1999,192696,95162,97534,108865,51553,57312,83831,43609,40222,'25'),
 (471,1999,118056,60286,57770,32343,15590,16753,85713,44696,41017,'20'),
 (470,1999,168104,84604,83500,79482,38825,40657,88622,45779,42843,'5'),
 (469,1999,154683,78233,76450,58103,28226,29877,96580,50007,46573,'80'),
 (468,1999,164221,82033,82188,97315,47768,49547,66906,34265,32641,'75'),
 (467,1999,174723,86904,87819,111955,54455,57500,62768,32449,30319,'70'),
 (466,1999,280065,139328,140737,164647,80680,83967,115418,58648,56770,'60'),
 (465,1999,1229111,595570,633541,1116645,539890,576755,112466,55680,56786,'55'),
 (464,1999,366563,181909,184654,211299,101783,109516,155264,80126,75138,'35');
INSERT INTO `sissan`.`demografico_poblacion` VALUES  (463,1999,394327,197047,197280,239328,117543,121785,154999,79504,75495,'30'),
 (462,1998,303037,153476,149561,121801,60219,61582,181236,93257,87979,'93'),
 (461,1998,225335,113678,111657,63390,31004,32386,161945,82674,79271,'91'),
 (460,1998,81408,42505,38903,18336,8936,9400,63072,33569,29503,'85'),
 (459,1998,159603,78973,80630,85214,40089,45125,74389,38884,35505,'65'),
 (458,1998,150744,75422,75322,48023,22122,25901,102721,53300,49421,'50'),
 (457,1998,428095,215289,212806,154362,73437,80925,273733,141852,131881,'40'),
 (456,1998,294333,149451,144882,62934,29536,33398,231399,119915,111484,'10'),
 (455,1998,188462,93046,95416,105598,49930,55668,82864,43116,39748,'25'),
 (454,1998,115935,59168,56767,31384,15098,16286,84551,44070,40481,'20'),
 (453,1998,163400,82289,81111,76777,37449,39328,86623,44840,41783,'5'),
 (452,1998,151294,76460,74834,55924,27135,28789,95370,49325,46045,'80'),
 (451,1998,160705,80221,80484,94910,46487,48423,65795,33734,32061,'75'),
 (450,1998,170129,84536,85593,108701,52776,55925,61428,31760,29668,'70');
INSERT INTO `sissan`.`demografico_poblacion` VALUES  (449,1998,270954,134719,136235,158838,77748,81090,112116,56971,55145,'60'),
 (448,1998,1196422,579384,617038,1086602,524601,562001,109820,54783,55037,'55'),
 (447,1998,359588,178355,181233,206022,99106,106916,153566,79249,74317,'35'),
 (446,1998,383658,191770,191888,231565,113563,118002,152093,78207,73886,'30'),
 (445,1997,293584,148775,144809,116681,57568,59113,176903,91207,85696,'93'),
 (444,1997,216737,109269,107468,60289,29467,30822,156448,79802,76646,'91'),
 (443,1997,78564,41047,37517,17498,8564,8934,61066,32483,28583,'85'),
 (442,1997,155606,77001,78605,81705,38383,43322,73901,38618,35283,'65'),
 (441,1997,147250,73670,73580,45679,21047,24632,101571,52623,48948,'50'),
 (440,1997,417465,209977,207488,145923,69364,76559,271542,140613,130929,'40'),
 (439,1997,284405,144464,139941,58950,27666,31284,225455,116798,108657,'10'),
 (438,1997,184316,90974,93342,102407,48346,54061,81909,42628,39281,'25'),
 (437,1997,113849,58069,55780,30440,14615,15825,83409,43454,39955,'20'),
 (436,1997,158823,80034,78789,74156,36117,38039,84667,43917,40750,'5');
INSERT INTO `sissan`.`demografico_poblacion` VALUES  (435,1997,147976,74726,73250,53792,26069,27723,94184,48657,45527,'80'),
 (434,1997,157260,78447,78813,92568,45242,47326,64692,33205,31487,'75'),
 (433,1997,165652,82230,83422,105549,51152,54397,60103,31078,29025,'70'),
 (432,1997,262133,130259,131874,153244,74926,78318,108889,55333,53556,'60'),
 (431,1997,1164573,563628,600945,1057552,509826,547726,107021,53802,53219,'55'),
 (430,1997,352737,174867,177870,200856,96488,104368,151881,78379,73502,'35'),
 (429,1997,373269,186629,186640,224039,109710,114329,149230,76919,72311,'30'),
 (418,1996,144727,73029,71698,51706,25027,26679,93021,48002,45019,'80'),
 (417,1996,153886,76711,77175,90287,44030,46257,63599,32681,30918,'75'),
 (416,1996,161288,79985,81303,102495,49580,52915,58793,30405,28388,'70'),
 (415,1996,253593,125944,127649,147855,72210,75645,105738,53734,52004,'60'),
 (414,1996,1133547,548287,585260,1029456,495551,533905,104091,52736,51355,'55'),
 (413,1996,346008,171443,174565,195795,93926,101869,150213,77517,72696,'35'),
 (412,1996,363151,181622,181529,216738,105976,110762,146413,75646,70767,'30');
INSERT INTO `sissan`.`demografico_poblacion` VALUES  (428,1996,284418,144215,140203,111732,55012,56720,172686,89203,83483,'93'),
 (427,1996,208461,105028,103433,57315,27994,29321,151146,77034,74112,'91'),
 (426,1996,75818,39638,36180,16691,8203,8488,59127,31435,27692,'85'),
 (425,1996,151706,75076,76630,78286,36724,41562,73420,38352,35068,'65'),
 (424,1996,143833,71956,71877,43400,20001,23399,100433,51955,48478,'50'),
 (423,1996,407089,204790,202299,137771,65433,72338,269318,139357,129961,'40'),
 (422,1996,274804,139640,135164,55149,25882,29267,219655,113758,105897,'10'),
 (421,1996,180257,88947,91310,99288,46800,52488,80969,42147,38822,'25'),
 (420,1996,111798,56990,54808,29512,14141,15371,82286,42849,39437,'20'),
 (419,1996,154371,77840,76531,71615,34827,36788,82756,43013,39743,'5'),
 (411,1995,275532,139791,135741,108151,53109,55042,167381,86682,80699,'93'),
 (410,1995,200497,100950,99547,55081,26869,28212,145416,74081,71335,'91'),
 (409,1995,73166,38276,34890,16094,7939,8155,57072,30337,26735,'85'),
 (408,1995,147900,73198,74702,75804,35489,40315,72096,37709,34387,'65');
INSERT INTO `sissan`.`demografico_poblacion` VALUES  (407,1995,140491,70281,70210,41654,19190,22464,98837,51091,47746,'50'),
 (406,1995,396961,199727,197234,131377,62310,69067,265584,137417,128167,'40'),
 (405,1995,265522,134975,130547,52110,24443,27667,213412,110532,102880,'10'),
 (404,1995,176283,86963,89320,97323,45778,51545,78960,41185,37775,'25'),
 (403,1995,109782,55929,53853,28920,13821,15099,80862,42108,38754,'20'),
 (402,1995,150040,75704,74336,69929,33938,35991,80111,41766,38345,'5'),
 (401,1995,141546,71369,70177,50225,24267,25958,91321,47102,44219,'80'),
 (400,1995,150580,75011,75569,89054,43310,45744,61526,31701,29825,'75'),
 (399,1995,157035,77799,79236,100651,48572,52079,56384,29227,27157,'70'),
 (398,1995,245325,121769,123556,144268,70341,73927,101057,51428,49629,'60'),
 (397,1995,1103318,533350,569968,1013540,486902,526638,89778,46448,43330,'55'),
 (396,1995,339399,168081,171318,192984,92399,100585,146415,75682,70733,'35'),
 (395,1995,353300,176745,176555,212013,103454,108559,141287,73291,67996,'30'),
 (394,1994,266362,135217,131145,103233,50605,52628,163129,84612,78517,'93');
INSERT INTO `sissan`.`demografico_poblacion` VALUES  (393,1994,192432,96827,95605,52198,25454,26744,140234,71373,68861,'91'),
 (392,1994,70459,36883,33576,15303,7582,7721,55156,29301,25855,'85'),
 (391,1994,143886,71216,72670,72362,33840,38522,71524,37376,34148,'65'),
 (390,1994,136939,68500,68439,39398,18161,21237,97541,50339,47202,'50'),
 (389,1994,386271,194379,191892,123451,58521,64930,262820,135858,126962,'40'),
 (388,1994,256013,130190,125823,48519,22766,25753,207494,107424,100070,'10'),
 (387,1994,172035,84845,87190,94087,44201,49886,77948,40644,37304,'25'),
 (386,1994,107575,54772,52803,27945,13333,14612,79630,41439,38191,'20'),
 (385,1994,145524,73471,72053,67353,32650,34703,78171,40821,37350,'5'),
 (384,1994,138143,69600,68543,48098,23218,24880,90045,46382,43663,'80'),
 (383,1994,147035,73194,73841,86656,42065,44591,60379,31129,29250,'75'),
 (382,1994,152574,75514,77060,97516,46987,50529,55058,28527,26531,'70'),
 (381,1994,236828,117484,119344,138878,67659,71219,97950,49825,48125,'60'),
 (380,1994,1071639,517729,553910,984602,472456,512146,87037,45273,41764,'55');
INSERT INTO `sissan`.`demografico_poblacion` VALUES  (379,1994,332217,164439,167778,187627,89739,97888,144590,74700,69890,'35'),
 (378,1994,342993,171637,171356,204575,99708,104867,138418,71929,66489,'30'),
 (377,1993,257491,130790,126701,98493,48196,50297,158998,82594,76404,'93'),
 (376,1993,184687,92869,91818,49444,24102,25342,135243,68767,66476,'91'),
 (375,1993,67850,35541,32309,14544,7237,7307,53306,28304,25002,'85'),
 (374,1993,139977,69286,70691,69026,32243,36783,70951,37043,33908,'65'),
 (373,1993,133474,66764,66710,37226,17169,20057,96248,49595,46653,'50'),
 (372,1993,375860,189170,186690,115875,54901,60974,259985,134269,125716,'40'),
 (371,1993,246840,125572,121268,45126,21181,23945,201714,104391,97323,'10'),
 (370,1993,167884,82776,85108,90930,42665,48265,76954,40111,36843,'25'),
 (369,1993,105410,53638,51772,26989,12855,14134,78421,40783,37638,'20'),
 (368,1993,141141,71303,69838,64860,31405,33455,76281,39898,36383,'5'),
 (367,1993,134820,67873,66947,46027,22199,23828,88793,45674,43119,'80'),
 (366,1993,143570,71420,72150,84320,40854,43466,59250,30566,28684,'75');
INSERT INTO `sissan`.`demografico_poblacion` VALUES  (365,1993,148235,73294,74941,94478,45453,49025,53757,27841,25916,'70'),
 (364,1993,228619,113348,115271,133689,65080,68609,94930,48268,46662,'60'),
 (363,1993,1040844,502549,538295,956604,458494,498110,84240,44055,40185,'55'),
 (362,1993,325179,160873,164306,182384,87139,95245,142795,73734,69061,'35'),
 (361,1993,332979,166673,166306,197368,96083,101285,135611,70590,65021,'30'),
 (360,1992,248910,126504,122406,93926,45880,48046,154984,80624,74360,'93'),
 (359,1992,177249,89071,88178,46812,22811,24001,130437,66260,64177,'91'),
 (358,1992,65336,34246,31090,13816,6905,6911,51520,27341,24179,'85'),
 (357,1992,136172,67408,68764,65797,30701,35096,70375,36707,33668,'65'),
 (356,1992,130093,65069,65024,35139,16215,18924,94954,48854,46100,'50'),
 (355,1992,365721,184097,181624,108653,51453,57200,257068,132644,124424,'40'),
 (354,1992,237989,121115,116874,41927,19686,22241,196062,101429,94633,'10'),
 (353,1992,163830,80756,83074,87850,41170,46680,75980,39586,36394,'25'),
 (352,1992,103286,52526,50760,26052,12388,13664,77234,40138,37096,'20');
INSERT INTO `sissan`.`demografico_poblacion` VALUES  (351,1992,136886,69197,67689,62446,30201,32245,74440,38996,35444,'5'),
 (350,1992,131573,66187,65386,44014,21209,22805,87559,44978,42581,'80'),
 (349,1992,140183,69687,70496,82043,39675,42368,58140,30012,28128,'75'),
 (348,1992,144016,71137,72879,91533,43969,47564,52483,27168,25315,'70'),
 (347,1992,220690,109354,111336,128692,62598,66094,91998,46756,45242,'60'),
 (346,1992,1010909,487808,523101,929507,444992,484515,81402,42816,38586,'55'),
 (345,1992,318282,157379,160903,177252,84598,92654,141030,72781,68249,'35'),
 (344,1992,323249,161848,161401,190383,92574,97809,132866,69274,63592,'30'),
 (343,1991,240609,122356,118253,89526,43653,45873,151083,78703,72380,'93'),
 (342,1991,170107,85426,84681,44299,21579,22720,125808,63847,61961,'91'),
 (341,1991,62913,32997,29916,13118,6584,6534,49795,26413,23382,'85'),
 (340,1991,132466,65578,66888,62673,29210,33463,69793,36368,33425,'65'),
 (339,1991,126794,63416,63378,33139,15301,17838,93655,48115,45540,'50'),
 (338,1991,355847,179155,176692,101788,48178,53610,254059,130977,123082,'40');
INSERT INTO `sissan`.`demografico_poblacion` VALUES  (337,1991,229450,116814,112636,38920,18281,20639,190530,98533,91997,'10'),
 (336,1991,159870,78783,81087,84845,39712,45133,75025,39071,35954,'25'),
 (335,1991,101203,51437,49766,25134,11931,13203,76069,39506,36563,'20'),
 (334,1991,132756,67151,65605,60107,29036,31071,72649,38115,34534,'5'),
 (333,1991,128401,64542,63859,42058,20248,21810,86343,44294,42049,'80'),
 (332,1991,136874,67995,68879,79824,38529,41295,57050,29466,27584,'75'),
 (331,1991,139914,69042,70872,88677,42532,46145,51237,26510,24727,'70'),
 (330,1991,213031,105499,107532,123879,60209,63670,89152,45290,43862,'60'),
 (329,1991,981811,473485,508326,903263,431931,471332,78548,41554,36994,'55'),
 (328,1991,311524,153958,157566,172226,82112,90114,139298,71846,67452,'35'),
 (327,1991,313796,157160,156636,183610,89177,94433,130186,67983,62203,'30'),
 (318,1990,99159,50368,48791,24234,11484,12750,74925,38884,36041,'20'),
 (317,1990,128748,65164,63584,57842,27910,29932,70906,37254,33652,'5'),
 (316,1990,125302,62936,62366,40160,19317,20843,85142,43619,41523,'80');
INSERT INTO `sissan`.`demografico_poblacion` VALUES  (315,1990,133639,66342,67297,77657,37412,40245,55982,28930,27052,'75'),
 (314,1990,135926,67008,68918,85906,41139,44767,50020,25869,24151,'70'),
 (313,1990,205632,101777,103855,119238,57908,61330,86394,43869,42525,'60'),
 (312,1990,953530,459575,493955,877830,419287,458543,75700,40288,35412,'55'),
 (311,1990,304902,150608,154294,167300,79679,87621,137602,70929,66673,'35'),
 (326,1990,232579,118342,114237,85288,41512,43776,147291,76830,70461,'93'),
 (325,1990,162154,81929,80225,40804,20402,20402,121350,61527,59823,'91'),
 (324,1990,60579,31793,28786,12449,6275,6174,48130,25518,22612,'85'),
 (323,1990,128859,63797,65062,59655,27773,31882,69204,36024,33180,'65'),
 (322,1990,123576,61804,61772,31226,14426,16800,92350,47378,44972,'50'),
 (321,1990,346230,174342,171888,95279,45075,50204,250951,129267,121684,'40'),
 (320,1990,221212,112662,108550,36098,16961,19137,185114,95701,89413,'10'),
 (319,1990,156002,76857,79145,81911,38292,43619,74091,38565,35526,'25'),
 (310,1990,304612,152603,152009,177040,85885,91155,127572,66718,60854,'30');
UNLOCK TABLES;
/*!40000 ALTER TABLE `demografico_poblacion` ENABLE KEYS */;


--
-- Definition of table `sissan`.`django_admin_log`
--

DROP TABLE IF EXISTS `sissan`.`django_admin_log`;
CREATE TABLE  `sissan`.`django_admin_log` (
  `id` int(11) NOT NULL auto_increment,
  `action_time` datetime NOT NULL,
  `user_id` int(11) NOT NULL,
  `content_type_id` int(11) default NULL,
  `object_id` longtext,
  `object_repr` varchar(200) NOT NULL,
  `action_flag` smallint(5) unsigned NOT NULL,
  `change_message` longtext NOT NULL,
  PRIMARY KEY  (`id`),
  KEY `django_admin_log_user_id` (`user_id`),
  KEY `django_admin_log_content_type_id` (`content_type_id`)
) ENGINE=MyISAM AUTO_INCREMENT=413 DEFAULT CHARSET=latin1;

--
-- Dumping data for table `sissan`.`django_admin_log`
--

/*!40000 ALTER TABLE `django_admin_log` DISABLE KEYS */;
LOCK TABLES `django_admin_log` WRITE;
INSERT INTO `sissan`.`django_admin_log` VALUES  (1,'2009-07-06 15:22:52',1,9,'30','Chinandega',1,''),
 (2,'2009-07-06 15:40:00',1,8,'3','Poblacion object',1,''),
 (3,'2009-07-06 15:49:41',1,9,'5','Nueva Segovia',1,''),
 (4,'2009-07-06 15:49:52',1,9,'10','Jinotega',1,''),
 (5,'2009-07-06 15:49:56',1,9,'10','Jinotega',2,'No ha cambiado ningún campo.'),
 (6,'2009-07-06 15:50:11',1,9,'20','Madriz',1,''),
 (7,'2009-07-06 15:50:21',1,9,'25','Esteli',1,''),
 (8,'2009-07-06 15:50:56',1,9,'35','Leon',1,''),
 (9,'2009-07-06 15:52:04',1,9,'40','Matagalpa',1,''),
 (10,'2009-07-06 15:52:19',1,9,'50','Boaco',1,''),
 (11,'2009-07-06 15:52:30',1,9,'55','Managua',1,''),
 (12,'2009-07-06 15:52:43',1,9,'60','Masaya',1,''),
 (13,'2009-07-06 15:52:54',1,9,'65','Chontales',1,''),
 (14,'2009-07-06 15:53:36',1,9,'70','Granada ',1,''),
 (15,'2009-07-06 15:53:46',1,9,'75','Carazo',1,''),
 (16,'2009-07-06 15:54:06',1,9,'80','Rivas',1,''),
 (17,'2009-07-06 15:54:19',1,9,'85','Rio San Juan',1,''),
 (18,'2009-07-06 15:54:30',1,9,'91','RAAN',1,''),
 (19,'2009-07-06 15:54:43',1,9,'93','RAAS',1,'');
INSERT INTO `sissan`.`django_admin_log` VALUES  (20,'2009-07-06 20:42:55',1,8,'1','Poblacion object',3,''),
 (21,'2009-07-06 20:42:55',1,8,'13','Poblacion object',3,''),
 (22,'2009-07-06 20:42:55',1,8,'14','Poblacion object',3,''),
 (23,'2009-07-06 20:42:55',1,8,'15','Poblacion object',3,''),
 (24,'2009-07-06 20:42:55',1,8,'16','Poblacion object',3,''),
 (25,'2009-07-06 20:42:55',1,8,'17','Poblacion object',3,''),
 (26,'2009-07-06 20:42:55',1,8,'18','Poblacion object',3,''),
 (27,'2009-07-06 20:42:55',1,8,'19','Poblacion object',3,''),
 (28,'2009-07-06 20:42:55',1,8,'20','Poblacion object',3,''),
 (29,'2009-07-06 20:42:55',1,8,'12','Poblacion object',3,''),
 (30,'2009-07-06 20:42:55',1,8,'11','Poblacion object',3,''),
 (31,'2009-07-06 20:42:55',1,8,'10','Poblacion object',3,''),
 (32,'2009-07-06 20:42:55',1,8,'4','Poblacion object',3,''),
 (33,'2009-07-06 20:42:55',1,8,'5','Poblacion object',3,''),
 (34,'2009-07-06 20:42:55',1,8,'6','Poblacion object',3,''),
 (35,'2009-07-06 20:42:55',1,8,'7','Poblacion object',3,''),
 (36,'2009-07-06 20:42:55',1,8,'8','Poblacion object',3,'');
INSERT INTO `sissan`.`django_admin_log` VALUES  (37,'2009-07-06 20:42:55',1,8,'9','Poblacion object',3,''),
 (38,'2009-07-06 20:42:55',1,8,'30','Poblacion object',3,''),
 (39,'2009-07-06 20:42:55',1,8,'31','Poblacion object',3,''),
 (40,'2009-07-06 20:42:55',1,8,'32','Poblacion object',3,''),
 (41,'2009-07-06 20:42:55',1,8,'33','Poblacion object',3,''),
 (42,'2009-07-06 20:42:55',1,8,'34','Poblacion object',3,''),
 (43,'2009-07-06 20:42:55',1,8,'35','Poblacion object',3,''),
 (44,'2009-07-06 20:42:55',1,8,'37','Poblacion object',3,''),
 (45,'2009-07-06 20:42:55',1,8,'36','Poblacion object',3,''),
 (46,'2009-07-06 20:42:55',1,8,'29','Poblacion object',3,''),
 (47,'2009-07-06 20:42:55',1,8,'28','Poblacion object',3,''),
 (48,'2009-07-06 20:42:55',1,8,'27','Poblacion object',3,''),
 (49,'2009-07-06 20:42:55',1,8,'21','Poblacion object',3,''),
 (50,'2009-07-06 20:42:55',1,8,'22','Poblacion object',3,''),
 (51,'2009-07-06 20:42:55',1,8,'23','Poblacion object',3,''),
 (52,'2009-07-06 20:42:55',1,8,'24','Poblacion object',3,''),
 (53,'2009-07-06 20:42:55',1,8,'25','Poblacion object',3,'');
INSERT INTO `sissan`.`django_admin_log` VALUES  (54,'2009-07-06 20:42:55',1,8,'26','Poblacion object',3,''),
 (55,'2009-07-06 20:42:55',1,8,'47','Poblacion object',3,''),
 (56,'2009-07-06 20:42:55',1,8,'48','Poblacion object',3,''),
 (57,'2009-07-06 20:42:55',1,8,'49','Poblacion object',3,''),
 (58,'2009-07-06 20:42:55',1,8,'50','Poblacion object',3,''),
 (59,'2009-07-06 20:42:55',1,8,'51','Poblacion object',3,''),
 (60,'2009-07-06 20:42:55',1,8,'52','Poblacion object',3,''),
 (61,'2009-07-06 20:42:55',1,8,'54','Poblacion object',3,''),
 (62,'2009-07-06 20:42:55',1,8,'53','Poblacion object',3,''),
 (63,'2009-07-06 20:42:55',1,8,'46','Poblacion object',3,''),
 (64,'2009-07-06 20:42:55',1,8,'45','Poblacion object',3,''),
 (65,'2009-07-06 20:42:55',1,8,'44','Poblacion object',3,''),
 (66,'2009-07-06 20:42:55',1,8,'2','Poblacion object',3,''),
 (67,'2009-07-06 20:42:55',1,8,'3','Poblacion object',3,''),
 (68,'2009-07-06 20:42:55',1,8,'38','Poblacion object',3,''),
 (69,'2009-07-06 20:42:55',1,8,'39','Poblacion object',3,''),
 (70,'2009-07-06 20:42:55',1,8,'40','Poblacion object',3,'');
INSERT INTO `sissan`.`django_admin_log` VALUES  (71,'2009-07-06 20:42:55',1,8,'41','Poblacion object',3,''),
 (72,'2009-07-06 20:42:55',1,8,'42','Poblacion object',3,''),
 (73,'2009-07-06 20:42:55',1,8,'43','Poblacion object',3,''),
 (74,'2009-07-06 20:42:55',1,8,'65','Poblacion object',3,''),
 (75,'2009-07-06 20:42:55',1,8,'66','Poblacion object',3,''),
 (76,'2009-07-06 20:42:55',1,8,'67','Poblacion object',3,''),
 (77,'2009-07-06 20:42:55',1,8,'68','Poblacion object',3,''),
 (78,'2009-07-06 20:42:55',1,8,'69','Poblacion object',3,''),
 (79,'2009-07-06 20:42:55',1,8,'70','Poblacion object',3,''),
 (80,'2009-07-06 20:42:55',1,8,'71','Poblacion object',3,''),
 (81,'2009-07-06 20:42:55',1,8,'64','Poblacion object',3,''),
 (82,'2009-07-06 20:42:55',1,8,'63','Poblacion object',3,''),
 (83,'2009-07-06 20:42:55',1,8,'62','Poblacion object',3,''),
 (84,'2009-07-06 20:42:55',1,8,'55','Poblacion object',3,''),
 (85,'2009-07-06 20:42:55',1,8,'56','Poblacion object',3,''),
 (86,'2009-07-06 20:42:55',1,8,'57','Poblacion object',3,''),
 (87,'2009-07-06 20:42:55',1,8,'58','Poblacion object',3,'');
INSERT INTO `sissan`.`django_admin_log` VALUES  (88,'2009-07-06 20:42:55',1,8,'59','Poblacion object',3,''),
 (89,'2009-07-06 20:42:55',1,8,'60','Poblacion object',3,''),
 (90,'2009-07-06 20:42:55',1,8,'61','Poblacion object',3,''),
 (91,'2009-07-06 20:42:55',1,8,'82','Poblacion object',3,''),
 (92,'2009-07-06 20:42:55',1,8,'83','Poblacion object',3,''),
 (93,'2009-07-06 20:42:55',1,8,'84','Poblacion object',3,''),
 (94,'2009-07-06 20:42:55',1,8,'85','Poblacion object',3,''),
 (95,'2009-07-06 20:42:55',1,8,'86','Poblacion object',3,''),
 (96,'2009-07-06 20:42:55',1,8,'87','Poblacion object',3,''),
 (97,'2009-07-06 20:42:55',1,8,'88','Poblacion object',3,''),
 (98,'2009-07-06 20:42:55',1,8,'81','Poblacion object',3,''),
 (99,'2009-07-06 20:42:55',1,8,'80','Poblacion object',3,''),
 (100,'2009-07-06 20:42:55',1,8,'79','Poblacion object',3,''),
 (101,'2009-07-06 20:42:55',1,8,'72','Poblacion object',3,''),
 (102,'2009-07-06 20:42:55',1,8,'73','Poblacion object',3,''),
 (103,'2009-07-06 20:42:55',1,8,'74','Poblacion object',3,''),
 (104,'2009-07-06 20:42:55',1,8,'75','Poblacion object',3,'');
INSERT INTO `sissan`.`django_admin_log` VALUES  (105,'2009-07-06 20:42:55',1,8,'76','Poblacion object',3,''),
 (106,'2009-07-06 20:42:55',1,8,'77','Poblacion object',3,''),
 (107,'2009-07-06 20:42:55',1,8,'78','Poblacion object',3,''),
 (108,'2009-07-06 20:42:55',1,8,'104','Poblacion object',3,''),
 (109,'2009-07-06 20:42:55',1,8,'103','Poblacion object',3,''),
 (110,'2009-07-06 20:42:55',1,8,'102','Poblacion object',3,''),
 (111,'2009-07-06 20:42:55',1,8,'101','Poblacion object',3,''),
 (112,'2009-07-06 20:42:55',1,8,'100','Poblacion object',3,''),
 (113,'2009-07-06 20:42:55',1,8,'99','Poblacion object',3,''),
 (114,'2009-07-06 20:42:55',1,8,'98','Poblacion object',3,''),
 (115,'2009-07-06 20:42:55',1,8,'97','Poblacion object',3,''),
 (116,'2009-07-06 20:42:55',1,8,'96','Poblacion object',3,''),
 (117,'2009-07-06 20:42:55',1,8,'90','Poblacion object',3,''),
 (118,'2009-07-06 20:42:55',1,8,'89','Poblacion object',3,''),
 (119,'2009-07-06 20:42:55',1,8,'105','Poblacion object',3,''),
 (120,'2009-07-06 20:43:06',1,8,'91','Poblacion object',3,''),
 (121,'2009-07-06 20:43:06',1,8,'92','Poblacion object',3,'');
INSERT INTO `sissan`.`django_admin_log` VALUES  (122,'2009-07-06 20:43:06',1,8,'93','Poblacion object',3,''),
 (123,'2009-07-06 20:43:06',1,8,'94','Poblacion object',3,''),
 (124,'2009-07-06 20:43:06',1,8,'95','Poblacion object',3,''),
 (125,'2009-07-06 20:43:06',1,8,'116','Poblacion object',3,''),
 (126,'2009-07-06 20:43:06',1,8,'117','Poblacion object',3,''),
 (127,'2009-07-06 20:43:06',1,8,'118','Poblacion object',3,''),
 (128,'2009-07-06 20:43:06',1,8,'119','Poblacion object',3,''),
 (129,'2009-07-06 20:43:06',1,8,'120','Poblacion object',3,''),
 (130,'2009-07-06 20:43:06',1,8,'121','Poblacion object',3,''),
 (131,'2009-07-06 20:43:06',1,8,'122','Poblacion object',3,''),
 (132,'2009-07-06 20:43:06',1,8,'115','Poblacion object',3,''),
 (133,'2009-07-06 20:43:06',1,8,'114','Poblacion object',3,''),
 (134,'2009-07-06 20:43:06',1,8,'113','Poblacion object',3,''),
 (135,'2009-07-06 20:43:06',1,8,'106','Poblacion object',3,''),
 (136,'2009-07-06 20:43:06',1,8,'107','Poblacion object',3,''),
 (137,'2009-07-06 20:43:06',1,8,'108','Poblacion object',3,'');
INSERT INTO `sissan`.`django_admin_log` VALUES  (138,'2009-07-06 20:43:06',1,8,'109','Poblacion object',3,''),
 (139,'2009-07-06 20:43:06',1,8,'110','Poblacion object',3,''),
 (140,'2009-07-06 20:43:06',1,8,'111','Poblacion object',3,''),
 (141,'2009-07-06 20:43:06',1,8,'112','Poblacion object',3,''),
 (142,'2009-07-06 20:43:06',1,8,'133','Poblacion object',3,''),
 (143,'2009-07-06 20:43:06',1,8,'134','Poblacion object',3,''),
 (144,'2009-07-06 20:43:06',1,8,'135','Poblacion object',3,''),
 (145,'2009-07-06 20:43:06',1,8,'136','Poblacion object',3,''),
 (146,'2009-07-06 20:43:06',1,8,'137','Poblacion object',3,''),
 (147,'2009-07-06 20:43:06',1,8,'138','Poblacion object',3,''),
 (148,'2009-07-06 20:43:06',1,8,'139','Poblacion object',3,''),
 (149,'2009-07-06 20:43:06',1,8,'132','Poblacion object',3,''),
 (150,'2009-07-06 20:43:06',1,8,'131','Poblacion object',3,''),
 (151,'2009-07-06 20:43:06',1,8,'130','Poblacion object',3,''),
 (152,'2009-07-06 20:43:06',1,8,'123','Poblacion object',3,''),
 (153,'2009-07-06 20:43:06',1,8,'124','Poblacion object',3,'');
INSERT INTO `sissan`.`django_admin_log` VALUES  (154,'2009-07-06 20:43:06',1,8,'125','Poblacion object',3,''),
 (155,'2009-07-06 20:43:06',1,8,'126','Poblacion object',3,''),
 (156,'2009-07-06 20:43:06',1,8,'127','Poblacion object',3,''),
 (157,'2009-07-06 20:43:06',1,8,'128','Poblacion object',3,''),
 (158,'2009-07-06 20:43:06',1,8,'129','Poblacion object',3,''),
 (159,'2009-07-06 20:43:06',1,8,'150','Poblacion object',3,''),
 (160,'2009-07-06 20:43:06',1,8,'151','Poblacion object',3,''),
 (161,'2009-07-06 20:43:06',1,8,'152','Poblacion object',3,''),
 (162,'2009-07-06 20:43:06',1,8,'153','Poblacion object',3,''),
 (163,'2009-07-06 20:43:06',1,8,'154','Poblacion object',3,''),
 (164,'2009-07-06 20:43:06',1,8,'155','Poblacion object',3,''),
 (165,'2009-07-06 20:43:06',1,8,'156','Poblacion object',3,''),
 (166,'2009-07-06 20:43:06',1,8,'149','Poblacion object',3,''),
 (167,'2009-07-06 20:43:06',1,8,'148','Poblacion object',3,''),
 (168,'2009-07-06 20:43:06',1,8,'147','Poblacion object',3,''),
 (169,'2009-07-06 20:43:06',1,8,'140','Poblacion object',3,'');
INSERT INTO `sissan`.`django_admin_log` VALUES  (170,'2009-07-06 20:43:06',1,8,'141','Poblacion object',3,''),
 (171,'2009-07-06 20:43:06',1,8,'142','Poblacion object',3,''),
 (172,'2009-07-06 20:43:06',1,8,'143','Poblacion object',3,''),
 (173,'2009-07-06 20:43:06',1,8,'144','Poblacion object',3,''),
 (174,'2009-07-06 20:43:06',1,8,'145','Poblacion object',3,''),
 (175,'2009-07-06 20:43:06',1,8,'146','Poblacion object',3,''),
 (176,'2009-07-06 20:43:06',1,8,'167','Poblacion object',3,''),
 (177,'2009-07-06 20:43:06',1,8,'168','Poblacion object',3,''),
 (178,'2009-07-06 20:43:06',1,8,'169','Poblacion object',3,''),
 (179,'2009-07-06 20:43:06',1,8,'170','Poblacion object',3,''),
 (180,'2009-07-06 20:43:06',1,8,'171','Poblacion object',3,''),
 (181,'2009-07-06 20:43:06',1,8,'172','Poblacion object',3,''),
 (182,'2009-07-06 20:43:06',1,8,'173','Poblacion object',3,''),
 (183,'2009-07-06 20:43:06',1,8,'166','Poblacion object',3,''),
 (184,'2009-07-06 20:43:06',1,8,'165','Poblacion object',3,''),
 (185,'2009-07-06 20:43:06',1,8,'164','Poblacion object',3,'');
INSERT INTO `sissan`.`django_admin_log` VALUES  (186,'2009-07-06 20:43:06',1,8,'157','Poblacion object',3,''),
 (187,'2009-07-06 20:43:06',1,8,'158','Poblacion object',3,''),
 (188,'2009-07-06 20:43:06',1,8,'159','Poblacion object',3,''),
 (189,'2009-07-06 20:43:06',1,8,'160','Poblacion object',3,''),
 (190,'2009-07-06 20:43:06',1,8,'161','Poblacion object',3,''),
 (191,'2009-07-06 20:43:06',1,8,'162','Poblacion object',3,''),
 (192,'2009-07-06 20:43:06',1,8,'163','Poblacion object',3,''),
 (193,'2009-07-06 20:43:06',1,8,'184','Poblacion object',3,''),
 (194,'2009-07-06 20:43:06',1,8,'185','Poblacion object',3,''),
 (195,'2009-07-06 20:43:06',1,8,'186','Poblacion object',3,''),
 (196,'2009-07-06 20:43:06',1,8,'187','Poblacion object',3,''),
 (197,'2009-07-06 20:43:06',1,8,'188','Poblacion object',3,''),
 (198,'2009-07-06 20:43:06',1,8,'189','Poblacion object',3,''),
 (199,'2009-07-06 20:43:06',1,8,'190','Poblacion object',3,''),
 (200,'2009-07-06 20:43:06',1,8,'183','Poblacion object',3,''),
 (201,'2009-07-06 20:43:06',1,8,'182','Poblacion object',3,'');
INSERT INTO `sissan`.`django_admin_log` VALUES  (202,'2009-07-06 20:43:06',1,8,'181','Poblacion object',3,''),
 (203,'2009-07-06 20:43:06',1,8,'174','Poblacion object',3,''),
 (204,'2009-07-06 20:43:06',1,8,'175','Poblacion object',3,''),
 (205,'2009-07-06 20:43:06',1,8,'176','Poblacion object',3,''),
 (206,'2009-07-06 20:43:06',1,8,'177','Poblacion object',3,''),
 (207,'2009-07-06 20:43:06',1,8,'178','Poblacion object',3,''),
 (208,'2009-07-06 20:43:06',1,8,'179','Poblacion object',3,''),
 (209,'2009-07-06 20:43:06',1,8,'180','Poblacion object',3,''),
 (210,'2009-07-06 20:43:06',1,8,'206','Poblacion object',3,''),
 (211,'2009-07-06 20:43:06',1,8,'205','Poblacion object',3,''),
 (212,'2009-07-06 20:43:06',1,8,'204','Poblacion object',3,''),
 (213,'2009-07-06 20:43:06',1,8,'203','Poblacion object',3,''),
 (214,'2009-07-06 20:43:06',1,8,'202','Poblacion object',3,''),
 (215,'2009-07-06 20:43:06',1,8,'201','Poblacion object',3,''),
 (216,'2009-07-06 20:43:06',1,8,'200','Poblacion object',3,''),
 (217,'2009-07-06 20:43:06',1,8,'199','Poblacion object',3,'');
INSERT INTO `sissan`.`django_admin_log` VALUES  (218,'2009-07-06 20:43:06',1,8,'198','Poblacion object',3,''),
 (219,'2009-07-06 20:43:06',1,8,'207','Poblacion object',3,''),
 (220,'2009-07-06 20:43:18',1,8,'191','Poblacion object',3,''),
 (221,'2009-07-06 20:43:18',1,8,'197','Poblacion object',3,''),
 (222,'2009-07-06 20:43:18',1,8,'196','Poblacion object',3,''),
 (223,'2009-07-06 20:43:18',1,8,'195','Poblacion object',3,''),
 (224,'2009-07-06 20:43:18',1,8,'194','Poblacion object',3,''),
 (225,'2009-07-06 20:43:18',1,8,'193','Poblacion object',3,''),
 (226,'2009-07-06 20:43:18',1,8,'192','Poblacion object',3,''),
 (227,'2009-07-06 20:43:18',1,8,'218','Poblacion object',3,''),
 (228,'2009-07-06 20:43:18',1,8,'219','Poblacion object',3,''),
 (229,'2009-07-06 20:43:18',1,8,'220','Poblacion object',3,''),
 (230,'2009-07-06 20:43:18',1,8,'221','Poblacion object',3,''),
 (231,'2009-07-06 20:43:18',1,8,'222','Poblacion object',3,''),
 (232,'2009-07-06 20:43:18',1,8,'223','Poblacion object',3,''),
 (233,'2009-07-06 20:43:18',1,8,'224','Poblacion object',3,'');
INSERT INTO `sissan`.`django_admin_log` VALUES  (234,'2009-07-06 20:43:18',1,8,'217','Poblacion object',3,''),
 (235,'2009-07-06 20:43:18',1,8,'216','Poblacion object',3,''),
 (236,'2009-07-06 20:43:18',1,8,'215','Poblacion object',3,''),
 (237,'2009-07-06 20:43:18',1,8,'208','Poblacion object',3,''),
 (238,'2009-07-06 20:43:18',1,8,'209','Poblacion object',3,''),
 (239,'2009-07-06 20:43:18',1,8,'210','Poblacion object',3,''),
 (240,'2009-07-06 20:43:18',1,8,'211','Poblacion object',3,''),
 (241,'2009-07-06 20:43:18',1,8,'212','Poblacion object',3,''),
 (242,'2009-07-06 20:43:18',1,8,'213','Poblacion object',3,''),
 (243,'2009-07-06 20:43:18',1,8,'214','Poblacion object',3,''),
 (244,'2009-07-06 20:43:18',1,8,'235','Poblacion object',3,''),
 (245,'2009-07-06 20:43:18',1,8,'236','Poblacion object',3,''),
 (246,'2009-07-06 20:43:18',1,8,'237','Poblacion object',3,''),
 (247,'2009-07-06 20:43:18',1,8,'238','Poblacion object',3,''),
 (248,'2009-07-06 20:43:18',1,8,'239','Poblacion object',3,''),
 (249,'2009-07-06 20:43:18',1,8,'240','Poblacion object',3,'');
INSERT INTO `sissan`.`django_admin_log` VALUES  (250,'2009-07-06 20:43:18',1,8,'241','Poblacion object',3,''),
 (251,'2009-07-06 20:43:18',1,8,'234','Poblacion object',3,''),
 (252,'2009-07-06 20:43:18',1,8,'233','Poblacion object',3,''),
 (253,'2009-07-06 20:43:18',1,8,'232','Poblacion object',3,''),
 (254,'2009-07-06 20:43:18',1,8,'225','Poblacion object',3,''),
 (255,'2009-07-06 20:43:18',1,8,'226','Poblacion object',3,''),
 (256,'2009-07-06 20:43:18',1,8,'227','Poblacion object',3,''),
 (257,'2009-07-06 20:43:18',1,8,'228','Poblacion object',3,''),
 (258,'2009-07-06 20:43:18',1,8,'229','Poblacion object',3,''),
 (259,'2009-07-06 20:43:18',1,8,'230','Poblacion object',3,''),
 (260,'2009-07-06 20:43:18',1,8,'231','Poblacion object',3,''),
 (261,'2009-07-06 20:43:18',1,8,'252','Poblacion object',3,''),
 (262,'2009-07-06 20:43:18',1,8,'253','Poblacion object',3,''),
 (263,'2009-07-06 20:43:18',1,8,'254','Poblacion object',3,''),
 (264,'2009-07-06 20:43:18',1,8,'255','Poblacion object',3,''),
 (265,'2009-07-06 20:43:18',1,8,'256','Poblacion object',3,'');
INSERT INTO `sissan`.`django_admin_log` VALUES  (266,'2009-07-06 20:43:18',1,8,'257','Poblacion object',3,''),
 (267,'2009-07-06 20:43:18',1,8,'258','Poblacion object',3,''),
 (268,'2009-07-06 20:43:18',1,8,'251','Poblacion object',3,''),
 (269,'2009-07-06 20:43:18',1,8,'250','Poblacion object',3,''),
 (270,'2009-07-06 20:43:18',1,8,'249','Poblacion object',3,''),
 (271,'2009-07-06 20:43:18',1,8,'242','Poblacion object',3,''),
 (272,'2009-07-06 20:43:18',1,8,'243','Poblacion object',3,''),
 (273,'2009-07-06 20:43:18',1,8,'244','Poblacion object',3,''),
 (274,'2009-07-06 20:43:18',1,8,'245','Poblacion object',3,''),
 (275,'2009-07-06 20:43:18',1,8,'246','Poblacion object',3,''),
 (276,'2009-07-06 20:43:18',1,8,'247','Poblacion object',3,''),
 (277,'2009-07-06 20:43:18',1,8,'248','Poblacion object',3,''),
 (278,'2009-07-06 20:43:18',1,8,'269','Poblacion object',3,''),
 (279,'2009-07-06 20:43:18',1,8,'270','Poblacion object',3,''),
 (280,'2009-07-06 20:43:18',1,8,'271','Poblacion object',3,''),
 (281,'2009-07-06 20:43:18',1,8,'272','Poblacion object',3,'');
INSERT INTO `sissan`.`django_admin_log` VALUES  (282,'2009-07-06 20:43:18',1,8,'273','Poblacion object',3,''),
 (283,'2009-07-06 20:43:18',1,8,'274','Poblacion object',3,''),
 (284,'2009-07-06 20:43:18',1,8,'275','Poblacion object',3,''),
 (285,'2009-07-06 20:43:18',1,8,'268','Poblacion object',3,''),
 (286,'2009-07-06 20:43:18',1,8,'267','Poblacion object',3,''),
 (287,'2009-07-06 20:43:18',1,8,'266','Poblacion object',3,''),
 (288,'2009-07-06 20:43:18',1,8,'259','Poblacion object',3,''),
 (289,'2009-07-06 20:43:18',1,8,'260','Poblacion object',3,''),
 (290,'2009-07-06 20:43:18',1,8,'261','Poblacion object',3,''),
 (291,'2009-07-06 20:43:18',1,8,'262','Poblacion object',3,''),
 (292,'2009-07-06 20:43:18',1,8,'263','Poblacion object',3,''),
 (293,'2009-07-06 20:43:18',1,8,'264','Poblacion object',3,''),
 (294,'2009-07-06 20:43:18',1,8,'265','Poblacion object',3,''),
 (295,'2009-07-06 20:43:18',1,8,'286','Poblacion object',3,''),
 (296,'2009-07-06 20:43:18',1,8,'287','Poblacion object',3,''),
 (297,'2009-07-06 20:43:18',1,8,'288','Poblacion object',3,'');
INSERT INTO `sissan`.`django_admin_log` VALUES  (298,'2009-07-06 20:43:18',1,8,'289','Poblacion object',3,''),
 (299,'2009-07-06 20:43:18',1,8,'290','Poblacion object',3,''),
 (300,'2009-07-06 20:43:18',1,8,'291','Poblacion object',3,''),
 (301,'2009-07-06 20:43:18',1,8,'292','Poblacion object',3,''),
 (302,'2009-07-06 20:43:18',1,8,'285','Poblacion object',3,''),
 (303,'2009-07-06 20:43:18',1,8,'284','Poblacion object',3,''),
 (304,'2009-07-06 20:43:18',1,8,'283','Poblacion object',3,''),
 (305,'2009-07-06 20:43:18',1,8,'276','Poblacion object',3,''),
 (306,'2009-07-06 20:43:18',1,8,'277','Poblacion object',3,''),
 (307,'2009-07-06 20:43:18',1,8,'278','Poblacion object',3,''),
 (308,'2009-07-06 20:43:18',1,8,'279','Poblacion object',3,''),
 (309,'2009-07-06 20:43:18',1,8,'280','Poblacion object',3,''),
 (310,'2009-07-06 20:43:18',1,8,'281','Poblacion object',3,''),
 (311,'2009-07-06 20:43:18',1,8,'282','Poblacion object',3,''),
 (312,'2009-07-06 20:43:18',1,8,'307','Poblacion object',3,''),
 (313,'2009-07-06 20:43:18',1,8,'306','Poblacion object',3,'');
INSERT INTO `sissan`.`django_admin_log` VALUES  (314,'2009-07-06 20:43:18',1,8,'305','Poblacion object',3,''),
 (315,'2009-07-06 20:43:18',1,8,'304','Poblacion object',3,''),
 (316,'2009-07-06 20:43:18',1,8,'303','Poblacion object',3,''),
 (317,'2009-07-06 20:43:18',1,8,'302','Poblacion object',3,''),
 (318,'2009-07-06 20:43:18',1,8,'301','Poblacion object',3,''),
 (319,'2009-07-06 20:43:18',1,8,'308','Poblacion object',3,''),
 (320,'2009-07-06 20:43:25',1,8,'293','Poblacion object',3,''),
 (321,'2009-07-06 20:43:25',1,8,'294','Poblacion object',3,''),
 (322,'2009-07-06 20:43:25',1,8,'295','Poblacion object',3,''),
 (323,'2009-07-06 20:43:25',1,8,'296','Poblacion object',3,''),
 (324,'2009-07-06 20:43:25',1,8,'297','Poblacion object',3,''),
 (325,'2009-07-06 20:43:25',1,8,'298','Poblacion object',3,''),
 (326,'2009-07-06 20:43:25',1,8,'299','Poblacion object',3,''),
 (327,'2009-07-06 20:43:25',1,8,'300','Poblacion object',3,''),
 (328,'2009-07-06 20:43:25',1,8,'309','Poblacion object',3,''),
 (329,'2009-07-07 09:23:02',1,8,'616','Poblacion object',1,'');
INSERT INTO `sissan`.`django_admin_log` VALUES  (330,'2009-07-07 09:23:15',1,8,'616','Poblacion object',3,''),
 (331,'2009-07-07 09:38:07',1,14,'1','Exportacion object',1,''),
 (332,'2009-07-07 09:55:26',1,14,'1','Exportacion object',3,''),
 (333,'2009-07-09 15:09:05',1,17,'2','Fecundidad object',3,''),
 (334,'2009-07-09 15:09:05',1,17,'3','Fecundidad object',3,''),
 (335,'2009-07-09 15:09:05',1,17,'4','Fecundidad object',3,''),
 (336,'2009-07-09 15:09:05',1,17,'5','Fecundidad object',3,''),
 (337,'2009-07-09 15:09:05',1,17,'6','Fecundidad object',3,''),
 (338,'2009-07-09 15:09:05',1,17,'7','Fecundidad object',3,''),
 (339,'2009-07-09 15:09:05',1,17,'8','Fecundidad object',3,''),
 (340,'2009-07-09 15:09:05',1,17,'9','Fecundidad object',3,''),
 (341,'2009-07-09 15:09:05',1,17,'10','Fecundidad object',3,''),
 (342,'2009-07-09 15:09:05',1,17,'11','Fecundidad object',3,''),
 (343,'2009-07-09 15:09:05',1,17,'12','Fecundidad object',3,''),
 (344,'2009-07-09 15:09:05',1,17,'13','Fecundidad object',3,''),
 (345,'2009-07-09 15:09:05',1,17,'14','Fecundidad object',3,'');
INSERT INTO `sissan`.`django_admin_log` VALUES  (346,'2009-07-09 15:09:05',1,17,'1','Fecundidad object',3,''),
 (347,'2009-07-09 15:12:49',1,17,'16','Fecundidad object',3,''),
 (348,'2009-07-09 15:12:49',1,17,'17','Fecundidad object',3,''),
 (349,'2009-07-09 15:12:49',1,17,'18','Fecundidad object',3,''),
 (350,'2009-07-09 15:12:49',1,17,'19','Fecundidad object',3,''),
 (351,'2009-07-09 15:12:49',1,17,'20','Fecundidad object',3,''),
 (352,'2009-07-09 15:12:49',1,17,'21','Fecundidad object',3,''),
 (353,'2009-07-09 15:12:49',1,17,'22','Fecundidad object',3,''),
 (354,'2009-07-09 15:12:49',1,17,'23','Fecundidad object',3,''),
 (355,'2009-07-09 15:12:49',1,17,'24','Fecundidad object',3,''),
 (356,'2009-07-09 15:12:49',1,17,'25','Fecundidad object',3,''),
 (357,'2009-07-09 15:12:49',1,17,'26','Fecundidad object',3,''),
 (358,'2009-07-09 15:12:49',1,17,'27','Fecundidad object',3,''),
 (359,'2009-07-09 15:12:49',1,17,'28','Fecundidad object',3,''),
 (360,'2009-07-09 15:12:49',1,17,'15','Fecundidad object',3,''),
 (361,'2009-07-09 15:21:27',1,15,'1','Crecimiento object',3,'');
INSERT INTO `sissan`.`django_admin_log` VALUES  (362,'2009-07-09 15:21:27',1,15,'2','Crecimiento object',3,''),
 (363,'2009-07-09 15:21:27',1,15,'3','Crecimiento object',3,''),
 (364,'2009-07-09 15:21:27',1,15,'4','Crecimiento object',3,''),
 (365,'2009-07-09 15:21:27',1,15,'5','Crecimiento object',3,''),
 (366,'2009-07-09 15:21:27',1,15,'6','Crecimiento object',3,''),
 (367,'2009-07-09 15:21:27',1,15,'7','Crecimiento object',3,''),
 (368,'2009-07-09 15:21:27',1,15,'8','Crecimiento object',3,''),
 (369,'2009-07-09 15:21:27',1,15,'9','Crecimiento object',3,''),
 (370,'2009-07-09 15:21:27',1,15,'10','Crecimiento object',3,''),
 (371,'2009-07-09 15:21:27',1,15,'11','Crecimiento object',3,''),
 (372,'2009-07-09 15:21:27',1,15,'12','Crecimiento object',3,''),
 (373,'2009-07-09 15:21:27',1,15,'13','Crecimiento object',3,''),
 (374,'2009-07-09 15:21:27',1,15,'14','Crecimiento object',3,''),
 (375,'2009-07-09 15:21:27',1,15,'15','Crecimiento object',3,''),
 (376,'2009-07-09 15:21:27',1,15,'16','Crecimiento object',3,''),
 (377,'2009-07-09 15:21:27',1,15,'17','Crecimiento object',3,'');
INSERT INTO `sissan`.`django_admin_log` VALUES  (378,'2009-07-09 15:21:27',1,15,'18','Crecimiento object',3,''),
 (379,'2009-07-09 15:21:27',1,15,'19','Crecimiento object',3,''),
 (380,'2009-07-09 15:21:27',1,15,'20','Crecimiento object',3,''),
 (381,'2009-07-09 15:24:11',1,15,'21','Crecimiento object',3,''),
 (382,'2009-07-09 15:24:11',1,15,'22','Crecimiento object',3,''),
 (383,'2009-07-09 15:24:11',1,15,'23','Crecimiento object',3,''),
 (384,'2009-07-09 15:24:11',1,15,'24','Crecimiento object',3,''),
 (385,'2009-07-09 15:24:11',1,15,'25','Crecimiento object',3,''),
 (386,'2009-07-09 15:24:11',1,15,'26','Crecimiento object',3,''),
 (387,'2009-07-09 15:24:11',1,15,'27','Crecimiento object',3,''),
 (388,'2009-07-09 15:24:11',1,15,'28','Crecimiento object',3,''),
 (389,'2009-07-09 15:24:11',1,15,'29','Crecimiento object',3,''),
 (390,'2009-07-09 15:24:11',1,15,'30','Crecimiento object',3,''),
 (391,'2009-07-09 15:24:11',1,15,'31','Crecimiento object',3,''),
 (392,'2009-07-09 15:24:11',1,15,'32','Crecimiento object',3,''),
 (393,'2009-07-09 15:24:11',1,15,'33','Crecimiento object',3,'');
INSERT INTO `sissan`.`django_admin_log` VALUES  (394,'2009-07-09 15:24:11',1,15,'34','Crecimiento object',3,''),
 (395,'2009-07-09 15:24:11',1,15,'35','Crecimiento object',3,''),
 (396,'2009-07-09 15:24:11',1,15,'36','Crecimiento object',3,''),
 (397,'2009-07-09 15:24:11',1,15,'37','Crecimiento object',3,''),
 (398,'2009-07-09 15:24:11',1,15,'38','Crecimiento object',3,''),
 (399,'2009-07-09 15:24:11',1,15,'39','Crecimiento object',3,''),
 (400,'2009-07-09 15:24:11',1,15,'40','Crecimiento object',3,''),
 (401,'2009-07-09 15:27:10',1,16,'1','Esperanza object',3,''),
 (402,'2009-07-09 15:27:10',1,16,'11','Esperanza object',3,''),
 (403,'2009-07-09 15:27:10',1,16,'10','Esperanza object',3,''),
 (404,'2009-07-09 15:27:10',1,16,'9','Esperanza object',3,''),
 (405,'2009-07-09 15:27:10',1,16,'8','Esperanza object',3,''),
 (406,'2009-07-09 15:27:10',1,16,'7','Esperanza object',3,''),
 (407,'2009-07-09 15:27:10',1,16,'6','Esperanza object',3,''),
 (408,'2009-07-09 15:27:10',1,16,'5','Esperanza object',3,''),
 (409,'2009-07-09 15:27:10',1,16,'4','Esperanza object',3,'');
INSERT INTO `sissan`.`django_admin_log` VALUES  (410,'2009-07-09 15:27:10',1,16,'3','Esperanza object',3,''),
 (411,'2009-07-09 15:27:10',1,16,'2','Esperanza object',3,''),
 (412,'2009-07-09 15:27:10',1,16,'12','Esperanza object',3,'');
UNLOCK TABLES;
/*!40000 ALTER TABLE `django_admin_log` ENABLE KEYS */;


--
-- Definition of table `sissan`.`django_content_type`
--

DROP TABLE IF EXISTS `sissan`.`django_content_type`;
CREATE TABLE  `sissan`.`django_content_type` (
  `id` int(11) NOT NULL auto_increment,
  `name` varchar(100) NOT NULL,
  `app_label` varchar(100) NOT NULL,
  `model` varchar(100) NOT NULL,
  PRIMARY KEY  (`id`),
  UNIQUE KEY `app_label` (`app_label`,`model`)
) ENGINE=MyISAM AUTO_INCREMENT=18 DEFAULT CHARSET=latin1;

--
-- Dumping data for table `sissan`.`django_content_type`
--

/*!40000 ALTER TABLE `django_content_type` DISABLE KEYS */;
LOCK TABLES `django_content_type` WRITE;
INSERT INTO `sissan`.`django_content_type` VALUES  (1,'permission','auth','permission'),
 (2,'group','auth','group'),
 (3,'user','auth','user'),
 (4,'message','auth','message'),
 (5,'content type','contenttypes','contenttype'),
 (6,'session','sessions','session'),
 (7,'site','sites','site'),
 (8,'poblacion','demografico','poblacion'),
 (9,'departamento','lugar','departamento'),
 (10,'municipio','lugar','municipio'),
 (11,'version','django_evolution','version'),
 (12,'evolution','django_evolution','evolution'),
 (13,'log entry','admin','logentry'),
 (14,'exportacion','economico','exportacion'),
 (15,'crecimiento','socio_demografico','crecimiento'),
 (16,'esperanza','socio_demografico','esperanza'),
 (17,'fecundidad','socio_demografico','fecundidad');
UNLOCK TABLES;
/*!40000 ALTER TABLE `django_content_type` ENABLE KEYS */;


--
-- Definition of table `sissan`.`django_evolution`
--

DROP TABLE IF EXISTS `sissan`.`django_evolution`;
CREATE TABLE  `sissan`.`django_evolution` (
  `id` int(11) NOT NULL auto_increment,
  `version_id` int(11) NOT NULL,
  `app_label` varchar(200) NOT NULL,
  `label` varchar(100) NOT NULL,
  PRIMARY KEY  (`id`),
  KEY `django_evolution_version_id` (`version_id`)
) ENGINE=MyISAM DEFAULT CHARSET=latin1;

--
-- Dumping data for table `sissan`.`django_evolution`
--

/*!40000 ALTER TABLE `django_evolution` DISABLE KEYS */;
LOCK TABLES `django_evolution` WRITE;
UNLOCK TABLES;
/*!40000 ALTER TABLE `django_evolution` ENABLE KEYS */;


--
-- Definition of table `sissan`.`django_project_version`
--

DROP TABLE IF EXISTS `sissan`.`django_project_version`;
CREATE TABLE  `sissan`.`django_project_version` (
  `id` int(11) NOT NULL auto_increment,
  `signature` longtext NOT NULL,
  `when` datetime NOT NULL,
  PRIMARY KEY  (`id`)
) ENGINE=MyISAM AUTO_INCREMENT=9 DEFAULT CHARSET=latin1;

--
-- Dumping data for table `sissan`.`django_project_version`
--

/*!40000 ALTER TABLE `django_project_version` DISABLE KEYS */;
LOCK TABLES `django_project_version` WRITE;
INSERT INTO `sissan`.`django_project_version` VALUES  (1,'(dp1\nS\'lugar\'\np2\n(dp3\nS\'Municipio\'\np4\n(dp5\nS\'fields\'\np6\n(dp7\nS\'nombre\'\np8\n(dp9\nS\'field_type\'\np10\ncdjango.db.models.fields\nCharField\np11\nsS\'max_length\'\np12\nI30\nssS\'id\'\np13\n(dp14\ng10\ncdjango.db.models.fields\nAutoField\np15\nsS\'primary_key\'\np16\nI01\nssS\'departamento\'\np17\n(dp18\ng10\ncdjango.db.models.fields.related\nForeignKey\np19\nsS\'related_model\'\np20\nS\'lugar.Departamento\'\np21\nsssS\'meta\'\np22\n(dp23\nS\'unique_together\'\np24\n(lp25\nsS\'db_table\'\np26\nS\'lugar_municipio\'\np27\nsS\'db_tablespace\'\np28\nS\'\'\nsS\'pk_column\'\np29\ng13\nsssS\'Departamento\'\np30\n(dp31\ng6\n(dp32\ng8\n(dp33\ng10\ng11\nsg12\nI30\nssS\'numero\'\np34\n(dp35\ng10\ncdjango.db.models.fields\nDecimalField\np36\nsg16\nI01\nsS\'decimal_places\'\np37\nI0\nsS\'max_digits\'\np38\nI2\nsssg22\n(dp39\ng24\n(lp40\nsg26\nS\'lugar_departamento\'\np41\nsg28\nS\'\'\nsg29\ng34\nssssS\'sessions\'\np42\n(dp43\nS\'Session\'\np44\n(dp45\ng6\n(dp46\nS\'session_key\'\np47\n(dp48\ng10\ng11\nsg12\nI40\nsg16\nI01\nssS\'expire_date\'\np49\n(dp50\ng10\ncdjango.db.models.fields\nDateTimeField\np51\nssS\'session_data\'\np52\n(dp53\ng10\ncdjango.db.models.fields\nTextField\np54\nsssg22\n(dp55\ng24\n(lp56\nsg26\nS\'django_session\'\np57\nsg28\nS\'\'\nsg29\ng47\nssssS\'sites\'\np58\n(dp59\nS\'Site\'\np60\n(dp61\ng6\n(dp62\nS\'domain\'\np63\n(dp64\ng10\ng11\nsg12\nI100\nssg13\n(dp65\ng10\ng15\nsg16\nI01\nssS\'name\'\np66\n(dp67\ng10\ng11\nsg12\nI50\nsssg22\n(dp68\ng24\n(lp69\nsg26\nS\'django_site\'\np70\nsg28\nS\'\'\nsg29\ng13\nssssS\'auth\'\np71\n(dp72\nS\'Message\'\np73\n(dp74\ng6\n(dp75\nS\'message\'\np76\n(dp77\ng10\ng54\nssg13\n(dp78\ng10\ng15\nsg16\nI01\nssS\'user\'\np79\n(dp80\ng10\ng19\nsg20\nS\'auth.User\'\np81\nsssg22\n(dp82\ng24\n(lp83\nsg26\nS\'auth_message\'\np84\nsg28\nS\'\'\nsg29\ng13\nsssS\'Group\'\np85\n(dp86\ng6\n(dp87\nS\'permissions\'\np88\n(dp89\ng10\ncdjango.db.models.fields.related\nManyToManyField\np90\nsg20\nS\'auth.Permission\'\np91\nssg13\n(dp92\ng10\ng15\nsg16\nI01\nssg66\n(dp93\ng10\ng11\nsS\'unique\'\np94\nI01\nsg12\nI80\nsssg22\n(dp95\ng24\n(lp96\nsg26\nS\'auth_group\'\np97\nsg28\nS\'\'\nsg29\ng13\nsssS\'User\'\np98\n(dp99\ng6\n(dp100\nS\'username\'\np101\n(dp102\ng10\ng11\nsg94\nI01\nsg12\nI30\nssS\'first_name\'\np103\n(dp104\ng10\ng11\nsg12\nI30\nssS\'last_name\'\np105\n(dp106\ng10\ng11\nsg12\nI30\nssS\'is_active\'\np107\n(dp108\ng10\ncdjango.db.models.fields\nBooleanField\np109\nssS\'email\'\np110\n(dp111\ng10\ncdjango.db.models.fields\nEmailField\np112\nsg12\nI75\nssS\'is_superuser\'\np113\n(dp114\ng10\ng109\nssS\'is_staff\'\np115\n(dp116\ng10\ng109\nssS\'last_login\'\np117\n(dp118\ng10\ng51\nssS\'groups\'\np119\n(dp120\ng10\ng90\nsg20\nS\'auth.Group\'\np121\nssS\'user_permissions\'\np122\n(dp123\ng10\ng90\nsg20\nS\'auth.Permission\'\np124\nssS\'password\'\np125\n(dp126\ng10\ng11\nsg12\nI128\nssg13\n(dp127\ng10\ng15\nsg16\nI01\nssS\'date_joined\'\np128\n(dp129\ng10\ng51\nsssg22\n(dp130\ng24\n(lp131\nsg26\nS\'auth_user\'\np132\nsg28\nS\'\'\nsg29\ng13\nsssS\'Permission\'\np133\n(dp134\ng6\n(dp135\nS\'codename\'\np136\n(dp137\ng10\ng11\nsg12\nI100\nssg13\n(dp138\ng10\ng15\nsg16\nI01\nssS\'content_type\'\np139\n(dp140\ng10\ng19\nsg20\nS\'contenttypes.ContentType\'\np141\nssg66\n(dp142\ng10\ng11\nsg12\nI50\nsssg22\n(dp143\ng24\n((S\'content_type\'\nS\'codename\'\nttp144\nsg26\nS\'auth_permission\'\np145\nsg28\nS\'\'\nsg29\ng13\nssssS\'demografico\'\np146\n(dp147\nS\'Poblacion\'\np148\n(dp149\ng6\n(dp150\nS\'ano\'\np151\n(dp152\ng10\ncdjango.db.models.fields\nIntegerField\np153\nsg12\nI5\nssS\'urbano_ambos_sexos\'\np154\n(dp155\ng10\ng153\nsg12\nI10\nssS\'urbano_hombre\'\np156\n(dp157\ng10\ng153\nsg12\nI10\nssS\'rural_hombre\'\np158\n(dp159\ng10\ng153\nsg12\nI10\nssS\'total_ambos_sexos\'\np160\n(dp161\ng10\ng153\nsg12\nI10\nssS\'total_mujer\'\np162\n(dp163\ng10\ng153\nsg12\nI10\nssS\'total_hombre\'\np164\n(dp165\ng10\ng153\nsg12\nI10\nssS\'rural_ambos_sexos\'\np166\n(dp167\ng10\ng153\nsg12\nI10\nssS\'rural_mujer\'\np168\n(dp169\ng10\ng153\nsg12\nI10\nssS\'urbano_mujer\'\np170\n(dp171\ng10\ng153\nsg12\nI10\nssg13\n(dp172\ng10\ng15\nsg16\nI01\nsssg22\n(dp173\ng24\n(lp174\nsg26\nS\'demografico_poblacion\'\np175\nsg28\nS\'\'\nsg29\ng13\nssssS\'contenttypes\'\np176\n(dp177\nS\'ContentType\'\np178\n(dp179\ng6\n(dp180\nS\'model\'\np181\n(dp182\ng10\ng11\nsg12\nI100\nssS\'app_label\'\np183\n(dp184\ng10\ng11\nsg12\nI100\nssg13\n(dp185\ng10\ng15\nsg16\nI01\nssg66\n(dp186\ng10\ng11\nsg12\nI100\nsssg22\n(dp187\ng24\n((S\'app_label\'\nS\'model\'\nttp188\nsg26\nS\'django_content_type\'\np189\nsg28\nS\'\'\nsg29\ng13\nssssS\'django_evolution\'\np190\n(dp191\nS\'Evolution\'\np192\n(dp193\ng6\n(dp194\nS\'label\'\np195\n(dp196\ng10\ng11\nsg12\nI100\nssS\'version\'\np197\n(dp198\ng10\ng19\nsg20\nS\'django_evolution.Version\'\np199\nssg13\n(dp200\ng10\ng15\nsg16\nI01\nssg183\n(dp201\ng10\ng11\nsg12\nI200\nsssg22\n(dp202\ng24\n(lp203\nsg26\nS\'django_evolution\'\np204\nsg28\nS\'\'\nsg29\ng13\nsssS\'Version\'\np205\n(dp206\ng6\n(dp207\nS\'when\'\np208\n(dp209\ng10\ng51\nssg13\n(dp210\ng10\ng15\nsg16\nI01\nssS\'signature\'\np211\n(dp212\ng10\ng54\nsssg22\n(dp213\ng24\n(lp214\nsg26\nS\'django_project_version\'\np215\nsg28\nS\'\'\nsg29\ng13\nssssS\'__version__\'\np216\nI1\ns.','2009-07-02 16:28:06'),
 (2,'(dp1\nS\'lugar\'\np2\n(dp3\nS\'Departamento\'\np4\n(dp5\nS\'fields\'\np6\n(dp7\nS\'nombre\'\np8\n(dp9\nS\'field_type\'\np10\ncdjango.db.models.fields\nCharField\np11\nsS\'max_length\'\np12\nI30\nssS\'numero\'\np13\n(dp14\ng10\ncdjango.db.models.fields\nDecimalField\np15\nsS\'primary_key\'\np16\nI01\nsS\'decimal_places\'\np17\nI0\nsS\'max_digits\'\np18\nI2\nsssS\'meta\'\np19\n(dp20\nS\'unique_together\'\np21\n(lp22\nsS\'db_table\'\np23\nS\'lugar_departamento\'\np24\nsS\'db_tablespace\'\np25\nS\'\'\nsS\'pk_column\'\np26\ng13\nsssS\'Municipio\'\np27\n(dp28\ng6\n(dp29\ng8\n(dp30\ng10\ng11\nsg12\nI30\nssS\'id\'\np31\n(dp32\ng10\ncdjango.db.models.fields\nAutoField\np33\nsg16\nI01\nssS\'departamento\'\np34\n(dp35\ng10\ncdjango.db.models.fields.related\nForeignKey\np36\nsS\'related_model\'\np37\nS\'lugar.Departamento\'\np38\nsssg19\n(dp39\ng21\n(lp40\nsg23\nS\'lugar_municipio\'\np41\nsg25\nS\'\'\nsg26\ng31\nssssS\'sessions\'\np42\n(dp43\nS\'Session\'\np44\n(dp45\ng6\n(dp46\nS\'session_key\'\np47\n(dp48\ng10\ng11\nsg12\nI40\nsg16\nI01\nssS\'session_data\'\np49\n(dp50\ng10\ncdjango.db.models.fields\nTextField\np51\nssS\'expire_date\'\np52\n(dp53\ng10\ncdjango.db.models.fields\nDateTimeField\np54\nsssg19\n(dp55\ng21\n(lp56\nsg23\nS\'django_session\'\np57\nsg25\nS\'\'\nsg26\ng47\nssssS\'admin\'\np58\n(dp59\nS\'LogEntry\'\np60\n(dp61\nS\'fields\'\np62\n(dp63\nS\'action_flag\'\np64\n(dp65\nS\'field_type\'\np66\ncdjango.db.models.fields\nPositiveSmallIntegerField\np67\nssS\'action_time\'\np68\n(dp69\ng66\ng54\nssS\'object_repr\'\np70\n(dp71\ng66\ng11\nsS\'max_length\'\np72\nI200\nssS\'object_id\'\np73\n(dp74\ng66\ng51\nsS\'null\'\np75\nI01\nssS\'change_message\'\np76\n(dp77\ng66\ng51\nssS\'user\'\np78\n(dp79\ng66\ng36\nsS\'related_model\'\np80\nS\'auth.User\'\np81\nssS\'content_type\'\np82\n(dp83\ng66\ng36\nsg75\nI01\nsg80\nS\'contenttypes.ContentType\'\np84\nssS\'id\'\np85\n(dp86\ng66\ng33\nsS\'primary_key\'\np87\nI01\nsssS\'meta\'\np88\n(dp89\nS\'unique_together\'\np90\n(lp91\nsS\'db_table\'\np92\nS\'django_admin_log\'\np93\nsS\'db_tablespace\'\np94\nS\'\'\nsS\'pk_column\'\np95\ng85\nssssS\'demografico\'\np96\n(dp97\nS\'Poblacion\'\np98\n(dp99\ng6\n(dp100\nS\'ano\'\np101\n(dp102\ng10\ncdjango.db.models.fields\nIntegerField\np103\nsg12\nI5\nssS\'urbano_ambos_sexos\'\np104\n(dp105\ng10\ng103\nsg12\nI10\nssS\'urbano_hombre\'\np106\n(dp107\ng10\ng103\nsg12\nI10\nssS\'rural_hombre\'\np108\n(dp109\ng10\ng103\nsg12\nI10\nssS\'total_ambos_sexos\'\np110\n(dp111\ng10\ng103\nsg12\nI10\nssS\'total_mujer\'\np112\n(dp113\ng10\ng103\nsg12\nI10\nssS\'total_hombre\'\np114\n(dp115\ng10\ng103\nsg12\nI10\nssS\'rural_ambos_sexos\'\np116\n(dp117\ng10\ng103\nsg12\nI10\nssS\'rural_mujer\'\np118\n(dp119\ng10\ng103\nsg12\nI10\nssS\'urbano_mujer\'\np120\n(dp121\ng10\ng103\nsg12\nI10\nssg31\n(dp122\ng10\ng33\nsg16\nI01\nsssg19\n(dp123\ng21\n(lp124\nsg23\nS\'demografico_poblacion\'\np125\nsg25\nS\'\'\nsg26\ng31\nssssS\'auth\'\np126\n(dp127\nS\'Message\'\np128\n(dp129\ng6\n(dp130\nS\'message\'\np131\n(dp132\ng10\ng51\nssg31\n(dp133\ng10\ng33\nsg16\nI01\nssS\'user\'\np134\n(dp135\ng10\ng36\nsg37\nS\'auth.User\'\np136\nsssg19\n(dp137\ng21\n(lp138\nsg23\nS\'auth_message\'\np139\nsg25\nS\'\'\nsg26\ng31\nsssS\'Group\'\np140\n(dp141\ng6\n(dp142\ng31\n(dp143\ng10\ng33\nsg16\nI01\nssS\'name\'\np144\n(dp145\ng12\nI80\nsg10\ng11\nsS\'unique\'\np146\nI01\nssS\'permissions\'\np147\n(dp148\ng10\ncdjango.db.models.fields.related\nManyToManyField\np149\nsg37\nS\'auth.Permission\'\np150\nsssg19\n(dp151\ng21\n(lp152\nsg23\nS\'auth_group\'\np153\nsg25\nS\'\'\nsg26\ng31\nsssS\'User\'\np154\n(dp155\ng6\n(dp156\nS\'username\'\np157\n(dp158\ng12\nI30\nsg10\ng11\nsg146\nI01\nssS\'first_name\'\np159\n(dp160\ng10\ng11\nsg12\nI30\nssS\'last_name\'\np161\n(dp162\ng10\ng11\nsg12\nI30\nssS\'is_active\'\np163\n(dp164\ng10\ncdjango.db.models.fields\nBooleanField\np165\nssg31\n(dp166\ng10\ng33\nsg16\nI01\nssS\'is_superuser\'\np167\n(dp168\ng10\ng165\nssS\'is_staff\'\np169\n(dp170\ng10\ng165\nssS\'last_login\'\np171\n(dp172\ng10\ng54\nssS\'groups\'\np173\n(dp174\ng10\ng149\nsg37\nS\'auth.Group\'\np175\nssS\'user_permissions\'\np176\n(dp177\ng10\ng149\nsg37\nS\'auth.Permission\'\np178\nssS\'password\'\np179\n(dp180\ng10\ng11\nsg12\nI128\nssS\'email\'\np181\n(dp182\ng10\ncdjango.db.models.fields\nEmailField\np183\nsg12\nI75\nssS\'date_joined\'\np184\n(dp185\ng10\ng54\nsssg19\n(dp186\ng21\n(lp187\nsg23\nS\'auth_user\'\np188\nsg25\nS\'\'\nsg26\ng31\nsssS\'Permission\'\np189\n(dp190\ng6\n(dp191\nS\'codename\'\np192\n(dp193\ng10\ng11\nsg12\nI100\nssg31\n(dp194\ng10\ng33\nsg16\nI01\nssS\'content_type\'\np195\n(dp196\ng10\ng36\nsg37\nS\'contenttypes.ContentType\'\np197\nssg144\n(dp198\ng10\ng11\nsg12\nI50\nsssg19\n(dp199\ng21\n((S\'content_type\'\nS\'codename\'\nttp200\nsg23\nS\'auth_permission\'\np201\nsg25\nS\'\'\nsg26\ng31\nssssS\'sites\'\np202\n(dp203\nS\'Site\'\np204\n(dp205\ng6\n(dp206\nS\'domain\'\np207\n(dp208\ng10\ng11\nsg12\nI100\nssg31\n(dp209\ng10\ng33\nsg16\nI01\nssg144\n(dp210\ng10\ng11\nsg12\nI50\nsssg19\n(dp211\ng21\n(lp212\nsg23\nS\'django_site\'\np213\nsg25\nS\'\'\nsg26\ng31\nssssS\'contenttypes\'\np214\n(dp215\nS\'ContentType\'\np216\n(dp217\ng6\n(dp218\nS\'model\'\np219\n(dp220\ng10\ng11\nsg12\nI100\nssg31\n(dp221\ng10\ng33\nsg16\nI01\nssg144\n(dp222\ng10\ng11\nsg12\nI100\nssS\'app_label\'\np223\n(dp224\ng10\ng11\nsg12\nI100\nsssg19\n(dp225\ng21\n((S\'app_label\'\nS\'model\'\nttp226\nsg23\nS\'django_content_type\'\np227\nsg25\nS\'\'\nsg26\ng31\nssssS\'django_evolution\'\np228\n(dp229\nS\'Evolution\'\np230\n(dp231\ng6\n(dp232\ng223\n(dp233\ng10\ng11\nsg12\nI200\nssS\'version\'\np234\n(dp235\ng10\ng36\nsg37\nS\'django_evolution.Version\'\np236\nssg31\n(dp237\ng10\ng33\nsg16\nI01\nssS\'label\'\np238\n(dp239\ng10\ng11\nsg12\nI100\nsssg19\n(dp240\ng21\n(lp241\nsg23\nS\'django_evolution\'\np242\nsg25\nS\'\'\nsg26\ng31\nsssS\'Version\'\np243\n(dp244\ng6\n(dp245\nS\'when\'\np246\n(dp247\ng10\ng54\nssg31\n(dp248\ng10\ng33\nsg16\nI01\nssS\'signature\'\np249\n(dp250\ng10\ng51\nsssg19\n(dp251\ng21\n(lp252\nsg23\nS\'django_project_version\'\np253\nsg25\nS\'\'\nsg26\ng31\nssssS\'__version__\'\np254\nI1\ns.','2009-07-02 16:32:14');
INSERT INTO `sissan`.`django_project_version` VALUES  (3,'(dp1\nS\'lugar\'\np2\n(dp3\nS\'Municipio\'\np4\n(dp5\nS\'fields\'\np6\n(dp7\nS\'nombre\'\np8\n(dp9\nS\'field_type\'\np10\ncdjango.db.models.fields\nCharField\np11\nsS\'max_length\'\np12\nI30\nssS\'id\'\np13\n(dp14\ng10\ncdjango.db.models.fields\nAutoField\np15\nsS\'primary_key\'\np16\nI01\nssS\'departamento\'\np17\n(dp18\ng10\ncdjango.db.models.fields.related\nForeignKey\np19\nsS\'related_model\'\np20\nS\'lugar.Departamento\'\np21\nsssS\'meta\'\np22\n(dp23\nS\'unique_together\'\np24\n(lp25\nsS\'db_table\'\np26\nS\'lugar_municipio\'\np27\nsS\'db_tablespace\'\np28\nS\'\'\nsS\'pk_column\'\np29\ng13\nsssS\'Departamento\'\np30\n(dp31\ng6\n(dp32\ng8\n(dp33\ng10\ng11\nsg12\nI30\nssS\'numero\'\np34\n(dp35\ng10\ncdjango.db.models.fields\nDecimalField\np36\nsg16\nI01\nsS\'decimal_places\'\np37\nI0\nsS\'max_digits\'\np38\nI2\nsssg22\n(dp39\ng24\n(lp40\nsg26\nS\'lugar_departamento\'\np41\nsg28\nS\'\'\nsg29\ng34\nssssS\'sessions\'\np42\n(dp43\nS\'Session\'\np44\n(dp45\ng6\n(dp46\nS\'session_key\'\np47\n(dp48\ng10\ng11\nsg12\nI40\nsg16\nI01\nssS\'expire_date\'\np49\n(dp50\ng10\ncdjango.db.models.fields\nDateTimeField\np51\nssS\'session_data\'\np52\n(dp53\ng10\ncdjango.db.models.fields\nTextField\np54\nsssg22\n(dp55\ng24\n(lp56\nsg26\nS\'django_session\'\np57\nsg28\nS\'\'\nsg29\ng47\nssssS\'admin\'\np58\n(dp59\nS\'LogEntry\'\np60\n(dp61\ng6\n(dp62\nS\'action_flag\'\np63\n(dp64\ng10\ncdjango.db.models.fields\nPositiveSmallIntegerField\np65\nssS\'action_time\'\np66\n(dp67\ng10\ng51\nssS\'object_repr\'\np68\n(dp69\ng10\ng11\nsg12\nI200\nssS\'object_id\'\np70\n(dp71\ng10\ng54\nsS\'null\'\np72\nI01\nssS\'change_message\'\np73\n(dp74\ng10\ng54\nssS\'user\'\np75\n(dp76\ng10\ng19\nsg20\nS\'auth.User\'\np77\nssS\'content_type\'\np78\n(dp79\ng10\ng19\nsg72\nI01\nsg20\nS\'contenttypes.ContentType\'\np80\nssg13\n(dp81\ng10\ng15\nsg16\nI01\nsssg22\n(dp82\ng24\n(lp83\nsg26\nS\'django_admin_log\'\np84\nsg28\nS\'\'\nsg29\ng13\nssssS\'sites\'\np85\n(dp86\nS\'Site\'\np87\n(dp88\ng6\n(dp89\nS\'domain\'\np90\n(dp91\ng10\ng11\nsg12\nI100\nssg13\n(dp92\ng10\ng15\nsg16\nI01\nssS\'name\'\np93\n(dp94\ng10\ng11\nsg12\nI50\nsssg22\n(dp95\ng24\n(lp96\nsg26\nS\'django_site\'\np97\nsg28\nS\'\'\nsg29\ng13\nssssS\'auth\'\np98\n(dp99\nS\'Message\'\np100\n(dp101\ng6\n(dp102\nS\'message\'\np103\n(dp104\ng10\ng54\nssg13\n(dp105\ng10\ng15\nsg16\nI01\nssg75\n(dp106\ng10\ng19\nsg20\nS\'auth.User\'\np107\nsssg22\n(dp108\ng24\n(lp109\nsg26\nS\'auth_message\'\np110\nsg28\nS\'\'\nsg29\ng13\nsssS\'Group\'\np111\n(dp112\ng6\n(dp113\nS\'permissions\'\np114\n(dp115\ng10\ncdjango.db.models.fields.related\nManyToManyField\np116\nsg20\nS\'auth.Permission\'\np117\nssg13\n(dp118\ng10\ng15\nsg16\nI01\nssg93\n(dp119\ng10\ng11\nsS\'unique\'\np120\nI01\nsg12\nI80\nsssg22\n(dp121\ng24\n(lp122\nsg26\nS\'auth_group\'\np123\nsg28\nS\'\'\nsg29\ng13\nsssS\'User\'\np124\n(dp125\ng6\n(dp126\nS\'username\'\np127\n(dp128\ng10\ng11\nsg120\nI01\nsg12\nI30\nssS\'first_name\'\np129\n(dp130\ng10\ng11\nsg12\nI30\nssS\'last_name\'\np131\n(dp132\ng10\ng11\nsg12\nI30\nssS\'is_active\'\np133\n(dp134\ng10\ncdjango.db.models.fields\nBooleanField\np135\nssS\'email\'\np136\n(dp137\ng10\ncdjango.db.models.fields\nEmailField\np138\nsg12\nI75\nssS\'is_superuser\'\np139\n(dp140\ng10\ng135\nssS\'is_staff\'\np141\n(dp142\ng10\ng135\nssS\'last_login\'\np143\n(dp144\ng10\ng51\nssS\'groups\'\np145\n(dp146\ng10\ng116\nsg20\nS\'auth.Group\'\np147\nssS\'user_permissions\'\np148\n(dp149\ng10\ng116\nsg20\nS\'auth.Permission\'\np150\nssS\'password\'\np151\n(dp152\ng10\ng11\nsg12\nI128\nssg13\n(dp153\ng10\ng15\nsg16\nI01\nssS\'date_joined\'\np154\n(dp155\ng10\ng51\nsssg22\n(dp156\ng24\n(lp157\nsg26\nS\'auth_user\'\np158\nsg28\nS\'\'\nsg29\ng13\nsssS\'Permission\'\np159\n(dp160\ng6\n(dp161\nS\'codename\'\np162\n(dp163\ng10\ng11\nsg12\nI100\nssg13\n(dp164\ng10\ng15\nsg16\nI01\nssg78\n(dp165\ng10\ng19\nsg20\nS\'contenttypes.ContentType\'\np166\nssg93\n(dp167\ng10\ng11\nsg12\nI50\nsssg22\n(dp168\ng24\n((S\'content_type\'\nS\'codename\'\nttp169\nsg26\nS\'auth_permission\'\np170\nsg28\nS\'\'\nsg29\ng13\nssssS\'demografico\'\np171\n(dp172\nS\'Poblacion\'\np173\n(dp174\ng6\n(dp175\nS\'ano\'\np176\n(dp177\ng10\ncdjango.db.models.fields\nIntegerField\np178\nsg12\nI5\nssS\'urbano_ambos_sexos\'\np179\n(dp180\ng10\ng178\nsg12\nI10\nssS\'urbano_hombre\'\np181\n(dp182\ng10\ng178\nsg12\nI10\nssS\'rural_hombre\'\np183\n(dp184\ng10\ng178\nsg12\nI10\nssS\'total_ambos_sexos\'\np185\n(dp186\ng10\ng178\nsg12\nI10\nssS\'total_mujer\'\np187\n(dp188\ng10\ng178\nsg12\nI10\nssg17\n(dp189\ng10\ng19\nsg20\nS\'lugar.Departamento\'\np190\nssS\'total_hombre\'\np191\n(dp192\ng10\ng178\nsg12\nI10\nssS\'rural_ambos_sexos\'\np193\n(dp194\ng10\ng178\nsg12\nI10\nssS\'rural_mujer\'\np195\n(dp196\ng10\ng178\nsg12\nI10\nssS\'urbano_mujer\'\np197\n(dp198\ng10\ng178\nsg12\nI10\nssg13\n(dp199\ng10\ng15\nsg16\nI01\nsssg22\n(dp200\ng24\n(lp201\nsg26\nS\'demografico_poblacion\'\np202\nsg28\nS\'\'\nsg29\ng13\nssssS\'contenttypes\'\np203\n(dp204\nS\'ContentType\'\np205\n(dp206\ng6\n(dp207\nS\'model\'\np208\n(dp209\ng10\ng11\nsg12\nI100\nssS\'app_label\'\np210\n(dp211\ng10\ng11\nsg12\nI100\nssg13\n(dp212\ng10\ng15\nsg16\nI01\nssg93\n(dp213\ng10\ng11\nsg12\nI100\nsssg22\n(dp214\ng24\n((S\'app_label\'\nS\'model\'\nttp215\nsg26\nS\'django_content_type\'\np216\nsg28\nS\'\'\nsg29\ng13\nssssS\'django_evolution\'\np217\n(dp218\nS\'Evolution\'\np219\n(dp220\ng6\n(dp221\nS\'label\'\np222\n(dp223\ng10\ng11\nsg12\nI100\nssS\'version\'\np224\n(dp225\ng10\ng19\nsg20\nS\'django_evolution.Version\'\np226\nssg13\n(dp227\ng10\ng15\nsg16\nI01\nssg210\n(dp228\ng10\ng11\nsg12\nI200\nsssg22\n(dp229\ng24\n(lp230\nsg26\nS\'django_evolution\'\np231\nsg28\nS\'\'\nsg29\ng13\nsssS\'Version\'\np232\n(dp233\ng6\n(dp234\nS\'when\'\np235\n(dp236\ng10\ng51\nssg13\n(dp237\ng10\ng15\nsg16\nI01\nssS\'signature\'\np238\n(dp239\ng10\ng54\nsssg22\n(dp240\ng24\n(lp241\nsg26\nS\'django_project_version\'\np242\nsg28\nS\'\'\nsg29\ng13\nssssS\'__version__\'\np243\nI1\ns.','2009-07-06 16:13:20'),
 (4,'(dp1\nS\'lugar\'\np2\n(dp3\nS\'Departamento\'\np4\n(dp5\nS\'fields\'\np6\n(dp7\nS\'nombre\'\np8\n(dp9\nS\'field_type\'\np10\ncdjango.db.models.fields\nCharField\np11\nsS\'max_length\'\np12\nI30\nssS\'numero\'\np13\n(dp14\ng10\ncdjango.db.models.fields\nDecimalField\np15\nsS\'primary_key\'\np16\nI01\nsS\'decimal_places\'\np17\nI0\nsS\'max_digits\'\np18\nI2\nsssS\'meta\'\np19\n(dp20\nS\'unique_together\'\np21\n(lp22\nsS\'db_table\'\np23\nS\'lugar_departamento\'\np24\nsS\'db_tablespace\'\np25\nS\'\'\nsS\'pk_column\'\np26\ng13\nsssS\'Municipio\'\np27\n(dp28\ng6\n(dp29\ng8\n(dp30\ng10\ng11\nsg12\nI30\nssS\'id\'\np31\n(dp32\ng10\ncdjango.db.models.fields\nAutoField\np33\nsg16\nI01\nssS\'departamento\'\np34\n(dp35\ng10\ncdjango.db.models.fields.related\nForeignKey\np36\nsS\'related_model\'\np37\nS\'lugar.Departamento\'\np38\nsssg19\n(dp39\ng21\n(lp40\nsg23\nS\'lugar_municipio\'\np41\nsg25\nS\'\'\nsg26\ng31\nssssS\'sessions\'\np42\n(dp43\nS\'Session\'\np44\n(dp45\ng6\n(dp46\nS\'session_key\'\np47\n(dp48\ng10\ng11\nsg12\nI40\nsg16\nI01\nssS\'session_data\'\np49\n(dp50\ng10\ncdjango.db.models.fields\nTextField\np51\nssS\'expire_date\'\np52\n(dp53\ng10\ncdjango.db.models.fields\nDateTimeField\np54\nsssg19\n(dp55\ng21\n(lp56\nsg23\nS\'django_session\'\np57\nsg25\nS\'\'\nsg26\ng47\nssssS\'admin\'\np58\n(dp59\nS\'LogEntry\'\np60\n(dp61\ng6\n(dp62\nS\'action_flag\'\np63\n(dp64\ng10\ncdjango.db.models.fields\nPositiveSmallIntegerField\np65\nssS\'action_time\'\np66\n(dp67\ng10\ng54\nssS\'object_repr\'\np68\n(dp69\ng10\ng11\nsg12\nI200\nssS\'object_id\'\np70\n(dp71\ng10\ng51\nsS\'null\'\np72\nI01\nssS\'change_message\'\np73\n(dp74\ng10\ng51\nssS\'user\'\np75\n(dp76\ng10\ng36\nsg37\nS\'auth.User\'\np77\nssS\'content_type\'\np78\n(dp79\ng10\ng36\nsg72\nI01\nsg37\nS\'contenttypes.ContentType\'\np80\nssg31\n(dp81\ng10\ng33\nsg16\nI01\nsssg19\n(dp82\ng21\n(lp83\nsg23\nS\'django_admin_log\'\np84\nsg25\nS\'\'\nsg26\ng31\nssssS\'economico\'\np85\n(dp86\nS\'Exportacion\'\np87\n(dp88\nS\'fields\'\np89\n(dp90\nS\'ano\'\np91\n(dp92\nS\'field_type\'\np93\ncdjango.db.models.fields\nIntegerField\np94\nsS\'max_length\'\np95\nI5\nssS\'id\'\np96\n(dp97\ng93\ng33\nsS\'primary_key\'\np98\nI01\nssS\'mes\'\np99\n(dp100\ng93\ng94\nsg95\nI2\nssS\'fob\'\np101\n(dp102\ng93\ng15\nsS\'max_digits\'\np103\nI10\nsS\'decimal_places\'\np104\nI2\nsssS\'meta\'\np105\n(dp106\nS\'unique_together\'\np107\n(lp108\nsS\'db_table\'\np109\nS\'economico_exportacion\'\np110\nsS\'db_tablespace\'\np111\nS\'\'\nsS\'pk_column\'\np112\ng96\nssssS\'demografico\'\np113\n(dp114\nS\'Poblacion\'\np115\n(dp116\ng6\n(dp117\nS\'ano\'\np118\n(dp119\ng10\ng94\nsg12\nI5\nssS\'urbano_ambos_sexos\'\np120\n(dp121\ng10\ng94\nsg12\nI10\nssS\'urbano_hombre\'\np122\n(dp123\ng10\ng94\nsg12\nI10\nssS\'rural_hombre\'\np124\n(dp125\ng10\ng94\nsg12\nI10\nssS\'total_ambos_sexos\'\np126\n(dp127\ng10\ng94\nsg12\nI10\nssS\'total_mujer\'\np128\n(dp129\ng10\ng94\nsg12\nI10\nssg34\n(dp130\ng10\ng36\nsg37\nS\'lugar.Departamento\'\np131\nssS\'total_hombre\'\np132\n(dp133\ng10\ng94\nsg12\nI10\nssS\'rural_ambos_sexos\'\np134\n(dp135\ng10\ng94\nsg12\nI10\nssS\'rural_mujer\'\np136\n(dp137\ng10\ng94\nsg12\nI10\nssS\'urbano_mujer\'\np138\n(dp139\ng10\ng94\nsg12\nI10\nssg31\n(dp140\ng10\ng33\nsg16\nI01\nsssg19\n(dp141\ng21\n(lp142\nsg23\nS\'demografico_poblacion\'\np143\nsg25\nS\'\'\nsg26\ng31\nssssS\'auth\'\np144\n(dp145\nS\'Message\'\np146\n(dp147\ng6\n(dp148\nS\'message\'\np149\n(dp150\ng10\ng51\nssg31\n(dp151\ng10\ng33\nsg16\nI01\nssg75\n(dp152\ng10\ng36\nsg37\nS\'auth.User\'\np153\nsssg19\n(dp154\ng21\n(lp155\nsg23\nS\'auth_message\'\np156\nsg25\nS\'\'\nsg26\ng31\nsssS\'Group\'\np157\n(dp158\ng6\n(dp159\ng31\n(dp160\ng10\ng33\nsg16\nI01\nssS\'name\'\np161\n(dp162\ng12\nI80\nsg10\ng11\nsS\'unique\'\np163\nI01\nssS\'permissions\'\np164\n(dp165\ng10\ncdjango.db.models.fields.related\nManyToManyField\np166\nsg37\nS\'auth.Permission\'\np167\nsssg19\n(dp168\ng21\n(lp169\nsg23\nS\'auth_group\'\np170\nsg25\nS\'\'\nsg26\ng31\nsssS\'User\'\np171\n(dp172\ng6\n(dp173\nS\'username\'\np174\n(dp175\ng12\nI30\nsg10\ng11\nsg163\nI01\nssS\'first_name\'\np176\n(dp177\ng10\ng11\nsg12\nI30\nssS\'last_name\'\np178\n(dp179\ng10\ng11\nsg12\nI30\nssS\'is_active\'\np180\n(dp181\ng10\ncdjango.db.models.fields\nBooleanField\np182\nssg31\n(dp183\ng10\ng33\nsg16\nI01\nssS\'is_superuser\'\np184\n(dp185\ng10\ng182\nssS\'is_staff\'\np186\n(dp187\ng10\ng182\nssS\'last_login\'\np188\n(dp189\ng10\ng54\nssS\'groups\'\np190\n(dp191\ng10\ng166\nsg37\nS\'auth.Group\'\np192\nssS\'user_permissions\'\np193\n(dp194\ng10\ng166\nsg37\nS\'auth.Permission\'\np195\nssS\'password\'\np196\n(dp197\ng10\ng11\nsg12\nI128\nssS\'email\'\np198\n(dp199\ng10\ncdjango.db.models.fields\nEmailField\np200\nsg12\nI75\nssS\'date_joined\'\np201\n(dp202\ng10\ng54\nsssg19\n(dp203\ng21\n(lp204\nsg23\nS\'auth_user\'\np205\nsg25\nS\'\'\nsg26\ng31\nsssS\'Permission\'\np206\n(dp207\ng6\n(dp208\nS\'codename\'\np209\n(dp210\ng10\ng11\nsg12\nI100\nssg31\n(dp211\ng10\ng33\nsg16\nI01\nssg78\n(dp212\ng10\ng36\nsg37\nS\'contenttypes.ContentType\'\np213\nssg161\n(dp214\ng10\ng11\nsg12\nI50\nsssg19\n(dp215\ng21\n((S\'content_type\'\nS\'codename\'\nttp216\nsg23\nS\'auth_permission\'\np217\nsg25\nS\'\'\nsg26\ng31\nssssS\'sites\'\np218\n(dp219\nS\'Site\'\np220\n(dp221\ng6\n(dp222\nS\'domain\'\np223\n(dp224\ng10\ng11\nsg12\nI100\nssg31\n(dp225\ng10\ng33\nsg16\nI01\nssg161\n(dp226\ng10\ng11\nsg12\nI50\nsssg19\n(dp227\ng21\n(lp228\nsg23\nS\'django_site\'\np229\nsg25\nS\'\'\nsg26\ng31\nssssS\'contenttypes\'\np230\n(dp231\nS\'ContentType\'\np232\n(dp233\ng6\n(dp234\nS\'model\'\np235\n(dp236\ng10\ng11\nsg12\nI100\nssg31\n(dp237\ng10\ng33\nsg16\nI01\nssg161\n(dp238\ng10\ng11\nsg12\nI100\nssS\'app_label\'\np239\n(dp240\ng10\ng11\nsg12\nI100\nsssg19\n(dp241\ng21\n((S\'app_label\'\nS\'model\'\nttp242\nsg23\nS\'django_content_type\'\np243\nsg25\nS\'\'\nsg26\ng31\nssssS\'django_evolution\'\np244\n(dp245\nS\'Evolution\'\np246\n(dp247\ng6\n(dp248\ng239\n(dp249\ng10\ng11\nsg12\nI200\nssS\'version\'\np250\n(dp251\ng10\ng36\nsg37\nS\'django_evolution.Version\'\np252\nssg31\n(dp253\ng10\ng33\nsg16\nI01\nssS\'label\'\np254\n(dp255\ng10\ng11\nsg12\nI100\nsssg19\n(dp256\ng21\n(lp257\nsg23\nS\'django_evolution\'\np258\nsg25\nS\'\'\nsg26\ng31\nsssS\'Version\'\np259\n(dp260\ng6\n(dp261\nS\'when\'\np262\n(dp263\ng10\ng54\nssg31\n(dp264\ng10\ng33\nsg16\nI01\nssS\'signature\'\np265\n(dp266\ng10\ng51\nsssg19\n(dp267\ng21\n(lp268\nsg23\nS\'django_project_version\'\np269\nsg25\nS\'\'\nsg26\ng31\nssssS\'__version__\'\np270\nI1\ns.','2009-07-07 09:35:36');
INSERT INTO `sissan`.`django_project_version` VALUES  (5,'(dp1\nS\'lugar\'\np2\n(dp3\nS\'Municipio\'\np4\n(dp5\nS\'fields\'\np6\n(dp7\nS\'nombre\'\np8\n(dp9\nS\'field_type\'\np10\ncdjango.db.models.fields\nCharField\np11\nsS\'max_length\'\np12\nI30\nssS\'id\'\np13\n(dp14\ng10\ncdjango.db.models.fields\nAutoField\np15\nsS\'primary_key\'\np16\nI01\nssS\'departamento\'\np17\n(dp18\ng10\ncdjango.db.models.fields.related\nForeignKey\np19\nsS\'related_model\'\np20\nS\'lugar.Departamento\'\np21\nsssS\'meta\'\np22\n(dp23\nS\'unique_together\'\np24\n(lp25\nsS\'db_table\'\np26\nS\'lugar_municipio\'\np27\nsS\'db_tablespace\'\np28\nS\'\'\nsS\'pk_column\'\np29\ng13\nsssS\'Departamento\'\np30\n(dp31\ng6\n(dp32\ng8\n(dp33\ng10\ng11\nsg12\nI30\nssS\'numero\'\np34\n(dp35\ng10\ncdjango.db.models.fields\nDecimalField\np36\nsg16\nI01\nsS\'decimal_places\'\np37\nI0\nsS\'max_digits\'\np38\nI2\nsssg22\n(dp39\ng24\n(lp40\nsg26\nS\'lugar_departamento\'\np41\nsg28\nS\'\'\nsg29\ng34\nssssS\'socio_demografico\'\np42\n(dp43\nS\'Crecimiento\'\np44\n(dp45\nS\'fields\'\np46\n(dp47\nS\'ano\'\np48\n(dp49\nS\'field_type\'\np50\ng11\nsS\'max_length\'\np51\nI12\nssS\'fecundidad\'\np52\n(dp53\ng50\ng36\nsS\'max_digits\'\np54\nI10\nsS\'decimal_places\'\np55\nI2\nssS\'id\'\np56\n(dp57\ng50\ng15\nsS\'primary_key\'\np58\nI01\nssS\'crecimiento\'\np59\n(dp60\ng50\ng36\nsg54\nI10\nsg55\nI2\nsssS\'meta\'\np61\n(dp62\nS\'unique_together\'\np63\n(lp64\nsS\'db_table\'\np65\nS\'socio_demografico_crecimiento\'\np66\nsS\'db_tablespace\'\np67\nS\'\'\nsS\'pk_column\'\np68\ng56\nssssS\'sessions\'\np69\n(dp70\nS\'Session\'\np71\n(dp72\ng6\n(dp73\nS\'session_key\'\np74\n(dp75\ng10\ng11\nsg12\nI40\nsg16\nI01\nssS\'expire_date\'\np76\n(dp77\ng10\ncdjango.db.models.fields\nDateTimeField\np78\nssS\'session_data\'\np79\n(dp80\ng10\ncdjango.db.models.fields\nTextField\np81\nsssg22\n(dp82\ng24\n(lp83\nsg26\nS\'django_session\'\np84\nsg28\nS\'\'\nsg29\ng74\nssssS\'admin\'\np85\n(dp86\nS\'LogEntry\'\np87\n(dp88\ng6\n(dp89\nS\'action_flag\'\np90\n(dp91\ng10\ncdjango.db.models.fields\nPositiveSmallIntegerField\np92\nssS\'action_time\'\np93\n(dp94\ng10\ng78\nssS\'object_repr\'\np95\n(dp96\ng10\ng11\nsg12\nI200\nssS\'object_id\'\np97\n(dp98\ng10\ng81\nsS\'null\'\np99\nI01\nssS\'change_message\'\np100\n(dp101\ng10\ng81\nssS\'user\'\np102\n(dp103\ng10\ng19\nsg20\nS\'auth.User\'\np104\nssS\'content_type\'\np105\n(dp106\ng10\ng19\nsg99\nI01\nsg20\nS\'contenttypes.ContentType\'\np107\nssg13\n(dp108\ng10\ng15\nsg16\nI01\nsssg22\n(dp109\ng24\n(lp110\nsg26\nS\'django_admin_log\'\np111\nsg28\nS\'\'\nsg29\ng13\nssssS\'django_evolution\'\np112\n(dp113\nS\'Evolution\'\np114\n(dp115\ng6\n(dp116\nS\'label\'\np117\n(dp118\ng10\ng11\nsg12\nI100\nssS\'version\'\np119\n(dp120\ng10\ng19\nsg20\nS\'django_evolution.Version\'\np121\nssg13\n(dp122\ng10\ng15\nsg16\nI01\nssS\'app_label\'\np123\n(dp124\ng10\ng11\nsg12\nI200\nsssg22\n(dp125\ng24\n(lp126\nsg26\nS\'django_evolution\'\np127\nsg28\nS\'\'\nsg29\ng13\nsssS\'Version\'\np128\n(dp129\ng6\n(dp130\nS\'when\'\np131\n(dp132\ng10\ng78\nssg13\n(dp133\ng10\ng15\nsg16\nI01\nssS\'signature\'\np134\n(dp135\ng10\ng81\nsssg22\n(dp136\ng24\n(lp137\nsg26\nS\'django_project_version\'\np138\nsg28\nS\'\'\nsg29\ng13\nssssS\'demografico\'\np139\n(dp140\nS\'Poblacion\'\np141\n(dp142\ng6\n(dp143\nS\'ano\'\np144\n(dp145\ng10\ncdjango.db.models.fields\nIntegerField\np146\nsg12\nI5\nssS\'urbano_ambos_sexos\'\np147\n(dp148\ng10\ng146\nsg12\nI10\nssS\'urbano_hombre\'\np149\n(dp150\ng10\ng146\nsg12\nI10\nssS\'rural_hombre\'\np151\n(dp152\ng10\ng146\nsg12\nI10\nssS\'total_ambos_sexos\'\np153\n(dp154\ng10\ng146\nsg12\nI10\nssS\'total_mujer\'\np155\n(dp156\ng10\ng146\nsg12\nI10\nssg17\n(dp157\ng10\ng19\nsg20\nS\'lugar.Departamento\'\np158\nssS\'total_hombre\'\np159\n(dp160\ng10\ng146\nsg12\nI10\nssS\'rural_ambos_sexos\'\np161\n(dp162\ng10\ng146\nsg12\nI10\nssS\'rural_mujer\'\np163\n(dp164\ng10\ng146\nsg12\nI10\nssS\'urbano_mujer\'\np165\n(dp166\ng10\ng146\nsg12\nI10\nssg13\n(dp167\ng10\ng15\nsg16\nI01\nsssg22\n(dp168\ng24\n(lp169\nsg26\nS\'demografico_poblacion\'\np170\nsg28\nS\'\'\nsg29\ng13\nssssS\'auth\'\np171\n(dp172\nS\'Message\'\np173\n(dp174\ng6\n(dp175\nS\'message\'\np176\n(dp177\ng10\ng81\nssg13\n(dp178\ng10\ng15\nsg16\nI01\nssg102\n(dp179\ng10\ng19\nsg20\nS\'auth.User\'\np180\nsssg22\n(dp181\ng24\n(lp182\nsg26\nS\'auth_message\'\np183\nsg28\nS\'\'\nsg29\ng13\nsssS\'Group\'\np184\n(dp185\ng6\n(dp186\nS\'permissions\'\np187\n(dp188\ng10\ncdjango.db.models.fields.related\nManyToManyField\np189\nsg20\nS\'auth.Permission\'\np190\nssg13\n(dp191\ng10\ng15\nsg16\nI01\nssS\'name\'\np192\n(dp193\ng10\ng11\nsS\'unique\'\np194\nI01\nsg12\nI80\nsssg22\n(dp195\ng24\n(lp196\nsg26\nS\'auth_group\'\np197\nsg28\nS\'\'\nsg29\ng13\nsssS\'User\'\np198\n(dp199\ng6\n(dp200\nS\'username\'\np201\n(dp202\ng10\ng11\nsg194\nI01\nsg12\nI30\nssS\'first_name\'\np203\n(dp204\ng10\ng11\nsg12\nI30\nssS\'last_name\'\np205\n(dp206\ng10\ng11\nsg12\nI30\nssS\'is_active\'\np207\n(dp208\ng10\ncdjango.db.models.fields\nBooleanField\np209\nssS\'email\'\np210\n(dp211\ng10\ncdjango.db.models.fields\nEmailField\np212\nsg12\nI75\nssS\'is_superuser\'\np213\n(dp214\ng10\ng209\nssS\'is_staff\'\np215\n(dp216\ng10\ng209\nssS\'last_login\'\np217\n(dp218\ng10\ng78\nssS\'groups\'\np219\n(dp220\ng10\ng189\nsg20\nS\'auth.Group\'\np221\nssS\'user_permissions\'\np222\n(dp223\ng10\ng189\nsg20\nS\'auth.Permission\'\np224\nssS\'password\'\np225\n(dp226\ng10\ng11\nsg12\nI128\nssg13\n(dp227\ng10\ng15\nsg16\nI01\nssS\'date_joined\'\np228\n(dp229\ng10\ng78\nsssg22\n(dp230\ng24\n(lp231\nsg26\nS\'auth_user\'\np232\nsg28\nS\'\'\nsg29\ng13\nsssS\'Permission\'\np233\n(dp234\ng6\n(dp235\nS\'codename\'\np236\n(dp237\ng10\ng11\nsg12\nI100\nssg13\n(dp238\ng10\ng15\nsg16\nI01\nssg105\n(dp239\ng10\ng19\nsg20\nS\'contenttypes.ContentType\'\np240\nssg192\n(dp241\ng10\ng11\nsg12\nI50\nsssg22\n(dp242\ng24\n((S\'content_type\'\nS\'codename\'\nttp243\nsg26\nS\'auth_permission\'\np244\nsg28\nS\'\'\nsg29\ng13\nssssS\'sites\'\np245\n(dp246\nS\'Site\'\np247\n(dp248\ng6\n(dp249\nS\'domain\'\np250\n(dp251\ng10\ng11\nsg12\nI100\nssg13\n(dp252\ng10\ng15\nsg16\nI01\nssg192\n(dp253\ng10\ng11\nsg12\nI50\nsssg22\n(dp254\ng24\n(lp255\nsg26\nS\'django_site\'\np256\nsg28\nS\'\'\nsg29\ng13\nssssS\'contenttypes\'\np257\n(dp258\nS\'ContentType\'\np259\n(dp260\ng6\n(dp261\nS\'model\'\np262\n(dp263\ng10\ng11\nsg12\nI100\nssg123\n(dp264\ng10\ng11\nsg12\nI100\nssg13\n(dp265\ng10\ng15\nsg16\nI01\nssg192\n(dp266\ng10\ng11\nsg12\nI100\nsssg22\n(dp267\ng24\n((S\'app_label\'\nS\'model\'\nttp268\nsg26\nS\'django_content_type\'\np269\nsg28\nS\'\'\nsg29\ng13\nssssS\'economico\'\np270\n(dp271\nS\'Exportacion\'\np272\n(dp273\nS\'fields\'\np274\n(dp275\nS\'ano\'\np276\n(dp277\nS\'field_type\'\np278\ng146\nsS\'max_length\'\np279\nI5\nssS\'id\'\np280\n(dp281\ng278\ng15\nsS\'primary_key\'\np282\nI01\nssS\'mes\'\np283\n(dp284\ng278\ng146\nsg279\nI2\nssS\'fob\'\np285\n(dp286\ng278\ng36\nsS\'max_digits\'\np287\nI10\nsS\'decimal_places\'\np288\nI2\nsssS\'meta\'\np289\n(dp290\nS\'unique_together\'\np291\n(lp292\nsS\'db_table\'\np293\nS\'economico_exportacion\'\np294\nsS\'db_tablespace\'\np295\nS\'\'\nsS\'pk_column\'\np296\ng280\nssssS\'__version__\'\np297\nI1\ns.','2009-07-09 14:48:06'),
 (6,'(dp1\nS\'lugar\'\np2\n(dp3\nS\'Departamento\'\np4\n(dp5\nS\'fields\'\np6\n(dp7\nS\'nombre\'\np8\n(dp9\nS\'field_type\'\np10\ncdjango.db.models.fields\nCharField\np11\nsS\'max_length\'\np12\nI30\nssS\'numero\'\np13\n(dp14\ng10\ncdjango.db.models.fields\nDecimalField\np15\nsS\'primary_key\'\np16\nI01\nsS\'decimal_places\'\np17\nI0\nsS\'max_digits\'\np18\nI2\nsssS\'meta\'\np19\n(dp20\nS\'unique_together\'\np21\n(lp22\nsS\'db_table\'\np23\nS\'lugar_departamento\'\np24\nsS\'db_tablespace\'\np25\nS\'\'\nsS\'pk_column\'\np26\ng13\nsssS\'Municipio\'\np27\n(dp28\ng6\n(dp29\ng8\n(dp30\ng10\ng11\nsg12\nI30\nssS\'id\'\np31\n(dp32\ng10\ncdjango.db.models.fields\nAutoField\np33\nsg16\nI01\nssS\'departamento\'\np34\n(dp35\ng10\ncdjango.db.models.fields.related\nForeignKey\np36\nsS\'related_model\'\np37\nS\'lugar.Departamento\'\np38\nsssg19\n(dp39\ng21\n(lp40\nsg23\nS\'lugar_municipio\'\np41\nsg25\nS\'\'\nsg26\ng31\nssssS\'socio_demografico\'\np42\n(dp43\nS\'Esperanza\'\np44\n(dp45\nS\'fields\'\np46\n(dp47\nS\'ambos_sexos\'\np48\n(dp49\nS\'field_type\'\np50\ng15\nsS\'max_digits\'\np51\nI10\nsS\'decimal_places\'\np52\nI2\nssS\'ano\'\np53\n(dp54\ng50\ng11\nsS\'max_length\'\np55\nI12\nssS\'mujer\'\np56\n(dp57\ng50\ng15\nsg51\nI10\nsg52\nI2\nssS\'id\'\np58\n(dp59\ng50\ng33\nsS\'primary_key\'\np60\nI01\nssS\'hombre\'\np61\n(dp62\ng50\ng15\nsg51\nI10\nsg52\nI2\nsssS\'meta\'\np63\n(dp64\nS\'unique_together\'\np65\n(lp66\nsS\'db_table\'\np67\nS\'socio_demografico_esperanza\'\np68\nsS\'db_tablespace\'\np69\nS\'\'\nsS\'pk_column\'\np70\ng58\nsssS\'Crecimiento\'\np71\n(dp72\nS\'fields\'\np73\n(dp74\nS\'crecimiento\'\np75\n(dp76\nS\'field_type\'\np77\ng15\nsS\'max_digits\'\np78\nI10\nsS\'decimal_places\'\np79\nI2\nssS\'ano\'\np80\n(dp81\ng77\ng11\nsS\'max_length\'\np82\nI12\nssS\'id\'\np83\n(dp84\ng77\ng33\nsS\'primary_key\'\np85\nI01\nssS\'fecundidad\'\np86\n(dp87\ng77\ng15\nsg78\nI10\nsg79\nI2\nsssS\'meta\'\np88\n(dp89\nS\'unique_together\'\np90\n(lp91\nsS\'db_table\'\np92\nS\'socio_demografico_crecimiento\'\np93\nsS\'db_tablespace\'\np94\nS\'\'\nsS\'pk_column\'\np95\ng83\nssssS\'sessions\'\np96\n(dp97\nS\'Session\'\np98\n(dp99\ng6\n(dp100\nS\'session_key\'\np101\n(dp102\ng10\ng11\nsg12\nI40\nsg16\nI01\nssS\'session_data\'\np103\n(dp104\ng10\ncdjango.db.models.fields\nTextField\np105\nssS\'expire_date\'\np106\n(dp107\ng10\ncdjango.db.models.fields\nDateTimeField\np108\nsssg19\n(dp109\ng21\n(lp110\nsg23\nS\'django_session\'\np111\nsg25\nS\'\'\nsg26\ng101\nssssS\'admin\'\np112\n(dp113\nS\'LogEntry\'\np114\n(dp115\ng6\n(dp116\nS\'action_flag\'\np117\n(dp118\ng10\ncdjango.db.models.fields\nPositiveSmallIntegerField\np119\nssS\'action_time\'\np120\n(dp121\ng10\ng108\nssS\'object_repr\'\np122\n(dp123\ng10\ng11\nsg12\nI200\nssS\'object_id\'\np124\n(dp125\ng10\ng105\nsS\'null\'\np126\nI01\nssS\'change_message\'\np127\n(dp128\ng10\ng105\nssS\'user\'\np129\n(dp130\ng10\ng36\nsg37\nS\'auth.User\'\np131\nssS\'content_type\'\np132\n(dp133\ng10\ng36\nsg126\nI01\nsg37\nS\'contenttypes.ContentType\'\np134\nssg31\n(dp135\ng10\ng33\nsg16\nI01\nsssg19\n(dp136\ng21\n(lp137\nsg23\nS\'django_admin_log\'\np138\nsg25\nS\'\'\nsg26\ng31\nssssS\'economico\'\np139\n(dp140\nS\'Exportacion\'\np141\n(dp142\nS\'fields\'\np143\n(dp144\nS\'ano\'\np145\n(dp146\nS\'field_type\'\np147\ncdjango.db.models.fields\nIntegerField\np148\nsS\'max_length\'\np149\nI5\nssS\'id\'\np150\n(dp151\ng147\ng33\nsS\'primary_key\'\np152\nI01\nssS\'mes\'\np153\n(dp154\ng147\ng148\nsg149\nI2\nssS\'fob\'\np155\n(dp156\ng147\ng15\nsS\'max_digits\'\np157\nI10\nsS\'decimal_places\'\np158\nI2\nsssS\'meta\'\np159\n(dp160\nS\'unique_together\'\np161\n(lp162\nsS\'db_table\'\np163\nS\'economico_exportacion\'\np164\nsS\'db_tablespace\'\np165\nS\'\'\nsS\'pk_column\'\np166\ng150\nssssS\'demografico\'\np167\n(dp168\nS\'Poblacion\'\np169\n(dp170\ng6\n(dp171\nS\'ano\'\np172\n(dp173\ng10\ng148\nsg12\nI5\nssS\'urbano_ambos_sexos\'\np174\n(dp175\ng10\ng148\nsg12\nI10\nssS\'urbano_hombre\'\np176\n(dp177\ng10\ng148\nsg12\nI10\nssS\'rural_hombre\'\np178\n(dp179\ng10\ng148\nsg12\nI10\nssS\'total_ambos_sexos\'\np180\n(dp181\ng10\ng148\nsg12\nI10\nssS\'total_mujer\'\np182\n(dp183\ng10\ng148\nsg12\nI10\nssg34\n(dp184\ng10\ng36\nsg37\nS\'lugar.Departamento\'\np185\nssS\'total_hombre\'\np186\n(dp187\ng10\ng148\nsg12\nI10\nssS\'rural_ambos_sexos\'\np188\n(dp189\ng10\ng148\nsg12\nI10\nssS\'rural_mujer\'\np190\n(dp191\ng10\ng148\nsg12\nI10\nssS\'urbano_mujer\'\np192\n(dp193\ng10\ng148\nsg12\nI10\nssg31\n(dp194\ng10\ng33\nsg16\nI01\nsssg19\n(dp195\ng21\n(lp196\nsg23\nS\'demografico_poblacion\'\np197\nsg25\nS\'\'\nsg26\ng31\nssssS\'auth\'\np198\n(dp199\nS\'Message\'\np200\n(dp201\ng6\n(dp202\nS\'message\'\np203\n(dp204\ng10\ng105\nssg31\n(dp205\ng10\ng33\nsg16\nI01\nssg129\n(dp206\ng10\ng36\nsg37\nS\'auth.User\'\np207\nsssg19\n(dp208\ng21\n(lp209\nsg23\nS\'auth_message\'\np210\nsg25\nS\'\'\nsg26\ng31\nsssS\'Group\'\np211\n(dp212\ng6\n(dp213\ng31\n(dp214\ng10\ng33\nsg16\nI01\nssS\'name\'\np215\n(dp216\ng12\nI80\nsg10\ng11\nsS\'unique\'\np217\nI01\nssS\'permissions\'\np218\n(dp219\ng10\ncdjango.db.models.fields.related\nManyToManyField\np220\nsg37\nS\'auth.Permission\'\np221\nsssg19\n(dp222\ng21\n(lp223\nsg23\nS\'auth_group\'\np224\nsg25\nS\'\'\nsg26\ng31\nsssS\'User\'\np225\n(dp226\ng6\n(dp227\nS\'username\'\np228\n(dp229\ng12\nI30\nsg10\ng11\nsg217\nI01\nssS\'first_name\'\np230\n(dp231\ng10\ng11\nsg12\nI30\nssS\'last_name\'\np232\n(dp233\ng10\ng11\nsg12\nI30\nssS\'is_active\'\np234\n(dp235\ng10\ncdjango.db.models.fields\nBooleanField\np236\nssg31\n(dp237\ng10\ng33\nsg16\nI01\nssS\'is_superuser\'\np238\n(dp239\ng10\ng236\nssS\'is_staff\'\np240\n(dp241\ng10\ng236\nssS\'last_login\'\np242\n(dp243\ng10\ng108\nssS\'groups\'\np244\n(dp245\ng10\ng220\nsg37\nS\'auth.Group\'\np246\nssS\'user_permissions\'\np247\n(dp248\ng10\ng220\nsg37\nS\'auth.Permission\'\np249\nssS\'password\'\np250\n(dp251\ng10\ng11\nsg12\nI128\nssS\'email\'\np252\n(dp253\ng10\ncdjango.db.models.fields\nEmailField\np254\nsg12\nI75\nssS\'date_joined\'\np255\n(dp256\ng10\ng108\nsssg19\n(dp257\ng21\n(lp258\nsg23\nS\'auth_user\'\np259\nsg25\nS\'\'\nsg26\ng31\nsssS\'Permission\'\np260\n(dp261\ng6\n(dp262\nS\'codename\'\np263\n(dp264\ng10\ng11\nsg12\nI100\nssg31\n(dp265\ng10\ng33\nsg16\nI01\nssg132\n(dp266\ng10\ng36\nsg37\nS\'contenttypes.ContentType\'\np267\nssg215\n(dp268\ng10\ng11\nsg12\nI50\nsssg19\n(dp269\ng21\n((S\'content_type\'\nS\'codename\'\nttp270\nsg23\nS\'auth_permission\'\np271\nsg25\nS\'\'\nsg26\ng31\nssssS\'sites\'\np272\n(dp273\nS\'Site\'\np274\n(dp275\ng6\n(dp276\nS\'domain\'\np277\n(dp278\ng10\ng11\nsg12\nI100\nssg31\n(dp279\ng10\ng33\nsg16\nI01\nssg215\n(dp280\ng10\ng11\nsg12\nI50\nsssg19\n(dp281\ng21\n(lp282\nsg23\nS\'django_site\'\np283\nsg25\nS\'\'\nsg26\ng31\nssssS\'contenttypes\'\np284\n(dp285\nS\'ContentType\'\np286\n(dp287\ng6\n(dp288\nS\'model\'\np289\n(dp290\ng10\ng11\nsg12\nI100\nssg31\n(dp291\ng10\ng33\nsg16\nI01\nssg215\n(dp292\ng10\ng11\nsg12\nI100\nssS\'app_label\'\np293\n(dp294\ng10\ng11\nsg12\nI100\nsssg19\n(dp295\ng21\n((S\'app_label\'\nS\'model\'\nttp296\nsg23\nS\'django_content_type\'\np297\nsg25\nS\'\'\nsg26\ng31\nssssS\'django_evolution\'\np298\n(dp299\nS\'Evolution\'\np300\n(dp301\ng6\n(dp302\ng293\n(dp303\ng10\ng11\nsg12\nI200\nssS\'version\'\np304\n(dp305\ng10\ng36\nsg37\nS\'django_evolution.Version\'\np306\nssg31\n(dp307\ng10\ng33\nsg16\nI01\nssS\'label\'\np308\n(dp309\ng10\ng11\nsg12\nI100\nsssg19\n(dp310\ng21\n(lp311\nsg23\nS\'django_evolution\'\np312\nsg25\nS\'\'\nsg26\ng31\nsssS\'Version\'\np313\n(dp314\ng6\n(dp315\nS\'when\'\np316\n(dp317\ng10\ng108\nssg31\n(dp318\ng10\ng33\nsg16\nI01\nssS\'signature\'\np319\n(dp320\ng10\ng105\nsssg19\n(dp321\ng21\n(lp322\nsg23\nS\'django_project_version\'\np323\nsg25\nS\'\'\nsg26\ng31\nssssS\'__version__\'\np324\nI1\ns.','2009-07-09 14:53:17');
INSERT INTO `sissan`.`django_project_version` VALUES  (7,'(dp1\nS\'lugar\'\np2\n(dp3\nS\'Municipio\'\np4\n(dp5\nS\'fields\'\np6\n(dp7\nS\'nombre\'\np8\n(dp9\nS\'field_type\'\np10\ncdjango.db.models.fields\nCharField\np11\nsS\'max_length\'\np12\nI30\nssS\'id\'\np13\n(dp14\ng10\ncdjango.db.models.fields\nAutoField\np15\nsS\'primary_key\'\np16\nI01\nssS\'departamento\'\np17\n(dp18\ng10\ncdjango.db.models.fields.related\nForeignKey\np19\nsS\'related_model\'\np20\nS\'lugar.Departamento\'\np21\nsssS\'meta\'\np22\n(dp23\nS\'unique_together\'\np24\n(lp25\nsS\'db_table\'\np26\nS\'lugar_municipio\'\np27\nsS\'db_tablespace\'\np28\nS\'\'\nsS\'pk_column\'\np29\ng13\nsssS\'Departamento\'\np30\n(dp31\ng6\n(dp32\ng8\n(dp33\ng10\ng11\nsg12\nI30\nssS\'numero\'\np34\n(dp35\ng10\ncdjango.db.models.fields\nDecimalField\np36\nsg16\nI01\nsS\'decimal_places\'\np37\nI0\nsS\'max_digits\'\np38\nI2\nsssg22\n(dp39\ng24\n(lp40\nsg26\nS\'lugar_departamento\'\np41\nsg28\nS\'\'\nsg29\ng34\nssssS\'socio_demografico\'\np42\n(dp43\nS\'Esperanza\'\np44\n(dp45\ng6\n(dp46\nS\'ambos_sexos\'\np47\n(dp48\ng10\ng36\nsg38\nI10\nsg37\nI2\nssS\'ano\'\np49\n(dp50\ng10\ng11\nsg12\nI12\nssS\'mujer\'\np51\n(dp52\ng10\ng36\nsg38\nI10\nsg37\nI2\nssg13\n(dp53\ng10\ng15\nsg16\nI01\nssS\'hombre\'\np54\n(dp55\ng10\ng36\nsg38\nI10\nsg37\nI2\nsssg22\n(dp56\ng24\n(lp57\nsg26\nS\'socio_demografico_esperanza\'\np58\nsg28\nS\'\'\nsg29\ng13\nsssS\'Crecimiento\'\np59\n(dp60\ng6\n(dp61\ng49\n(dp62\ng10\ng11\nsg12\nI12\nssg13\n(dp63\ng10\ng15\nsg16\nI01\nssS\'crecimiento\'\np64\n(dp65\ng10\ng36\nsg38\nI10\nsg37\nI2\nsssg22\n(dp66\ng24\n(lp67\nsg26\nS\'socio_demografico_crecimiento\'\np68\nsg28\nS\'\'\nsg29\ng13\nssssS\'sessions\'\np69\n(dp70\nS\'Session\'\np71\n(dp72\ng6\n(dp73\nS\'session_key\'\np74\n(dp75\ng10\ng11\nsg12\nI40\nsg16\nI01\nssS\'expire_date\'\np76\n(dp77\ng10\ncdjango.db.models.fields\nDateTimeField\np78\nssS\'session_data\'\np79\n(dp80\ng10\ncdjango.db.models.fields\nTextField\np81\nsssg22\n(dp82\ng24\n(lp83\nsg26\nS\'django_session\'\np84\nsg28\nS\'\'\nsg29\ng74\nssssS\'admin\'\np85\n(dp86\nS\'LogEntry\'\np87\n(dp88\ng6\n(dp89\nS\'action_flag\'\np90\n(dp91\ng10\ncdjango.db.models.fields\nPositiveSmallIntegerField\np92\nssS\'action_time\'\np93\n(dp94\ng10\ng78\nssS\'object_repr\'\np95\n(dp96\ng10\ng11\nsg12\nI200\nssS\'object_id\'\np97\n(dp98\ng10\ng81\nsS\'null\'\np99\nI01\nssS\'change_message\'\np100\n(dp101\ng10\ng81\nssS\'user\'\np102\n(dp103\ng10\ng19\nsg20\nS\'auth.User\'\np104\nssS\'content_type\'\np105\n(dp106\ng10\ng19\nsg99\nI01\nsg20\nS\'contenttypes.ContentType\'\np107\nssg13\n(dp108\ng10\ng15\nsg16\nI01\nsssg22\n(dp109\ng24\n(lp110\nsg26\nS\'django_admin_log\'\np111\nsg28\nS\'\'\nsg29\ng13\nssssS\'economico\'\np112\n(dp113\nS\'Exportacion\'\np114\n(dp115\ng6\n(dp116\ng49\n(dp117\ng10\ncdjango.db.models.fields\nIntegerField\np118\nsg12\nI5\nssg13\n(dp119\ng10\ng15\nsg16\nI01\nssS\'mes\'\np120\n(dp121\ng10\ng118\nsg12\nI2\nssS\'fob\'\np122\n(dp123\ng10\ng36\nsg38\nI10\nsg37\nI2\nsssg22\n(dp124\ng24\n(lp125\nsg26\nS\'economico_exportacion\'\np126\nsg28\nS\'\'\nsg29\ng13\nssssS\'sites\'\np127\n(dp128\nS\'Site\'\np129\n(dp130\ng6\n(dp131\nS\'domain\'\np132\n(dp133\ng10\ng11\nsg12\nI100\nssg13\n(dp134\ng10\ng15\nsg16\nI01\nssS\'name\'\np135\n(dp136\ng10\ng11\nsg12\nI50\nsssg22\n(dp137\ng24\n(lp138\nsg26\nS\'django_site\'\np139\nsg28\nS\'\'\nsg29\ng13\nssssS\'auth\'\np140\n(dp141\nS\'Message\'\np142\n(dp143\ng6\n(dp144\nS\'message\'\np145\n(dp146\ng10\ng81\nssg13\n(dp147\ng10\ng15\nsg16\nI01\nssg102\n(dp148\ng10\ng19\nsg20\nS\'auth.User\'\np149\nsssg22\n(dp150\ng24\n(lp151\nsg26\nS\'auth_message\'\np152\nsg28\nS\'\'\nsg29\ng13\nsssS\'Group\'\np153\n(dp154\ng6\n(dp155\nS\'permissions\'\np156\n(dp157\ng10\ncdjango.db.models.fields.related\nManyToManyField\np158\nsg20\nS\'auth.Permission\'\np159\nssg13\n(dp160\ng10\ng15\nsg16\nI01\nssg135\n(dp161\ng10\ng11\nsS\'unique\'\np162\nI01\nsg12\nI80\nsssg22\n(dp163\ng24\n(lp164\nsg26\nS\'auth_group\'\np165\nsg28\nS\'\'\nsg29\ng13\nsssS\'User\'\np166\n(dp167\ng6\n(dp168\nS\'username\'\np169\n(dp170\ng10\ng11\nsg162\nI01\nsg12\nI30\nssS\'first_name\'\np171\n(dp172\ng10\ng11\nsg12\nI30\nssS\'last_name\'\np173\n(dp174\ng10\ng11\nsg12\nI30\nssS\'is_active\'\np175\n(dp176\ng10\ncdjango.db.models.fields\nBooleanField\np177\nssS\'email\'\np178\n(dp179\ng10\ncdjango.db.models.fields\nEmailField\np180\nsg12\nI75\nssS\'is_superuser\'\np181\n(dp182\ng10\ng177\nssS\'is_staff\'\np183\n(dp184\ng10\ng177\nssS\'last_login\'\np185\n(dp186\ng10\ng78\nssS\'groups\'\np187\n(dp188\ng10\ng158\nsg20\nS\'auth.Group\'\np189\nssS\'user_permissions\'\np190\n(dp191\ng10\ng158\nsg20\nS\'auth.Permission\'\np192\nssS\'password\'\np193\n(dp194\ng10\ng11\nsg12\nI128\nssg13\n(dp195\ng10\ng15\nsg16\nI01\nssS\'date_joined\'\np196\n(dp197\ng10\ng78\nsssg22\n(dp198\ng24\n(lp199\nsg26\nS\'auth_user\'\np200\nsg28\nS\'\'\nsg29\ng13\nsssS\'Permission\'\np201\n(dp202\ng6\n(dp203\nS\'codename\'\np204\n(dp205\ng10\ng11\nsg12\nI100\nssg13\n(dp206\ng10\ng15\nsg16\nI01\nssg105\n(dp207\ng10\ng19\nsg20\nS\'contenttypes.ContentType\'\np208\nssg135\n(dp209\ng10\ng11\nsg12\nI50\nsssg22\n(dp210\ng24\n((S\'content_type\'\nS\'codename\'\nttp211\nsg26\nS\'auth_permission\'\np212\nsg28\nS\'\'\nsg29\ng13\nssssS\'demografico\'\np213\n(dp214\nS\'Poblacion\'\np215\n(dp216\ng6\n(dp217\ng49\n(dp218\ng10\ng118\nsg12\nI5\nssS\'urbano_ambos_sexos\'\np219\n(dp220\ng10\ng118\nsg12\nI10\nssS\'urbano_hombre\'\np221\n(dp222\ng10\ng118\nsg12\nI10\nssS\'rural_hombre\'\np223\n(dp224\ng10\ng118\nsg12\nI10\nssS\'total_ambos_sexos\'\np225\n(dp226\ng10\ng118\nsg12\nI10\nssS\'total_mujer\'\np227\n(dp228\ng10\ng118\nsg12\nI10\nssg17\n(dp229\ng10\ng19\nsg20\nS\'lugar.Departamento\'\np230\nssS\'total_hombre\'\np231\n(dp232\ng10\ng118\nsg12\nI10\nssS\'rural_ambos_sexos\'\np233\n(dp234\ng10\ng118\nsg12\nI10\nssS\'rural_mujer\'\np235\n(dp236\ng10\ng118\nsg12\nI10\nssS\'urbano_mujer\'\np237\n(dp238\ng10\ng118\nsg12\nI10\nssg13\n(dp239\ng10\ng15\nsg16\nI01\nsssg22\n(dp240\ng24\n(lp241\nsg26\nS\'demografico_poblacion\'\np242\nsg28\nS\'\'\nsg29\ng13\nssssS\'contenttypes\'\np243\n(dp244\nS\'ContentType\'\np245\n(dp246\ng6\n(dp247\nS\'model\'\np248\n(dp249\ng10\ng11\nsg12\nI100\nssS\'app_label\'\np250\n(dp251\ng10\ng11\nsg12\nI100\nssg13\n(dp252\ng10\ng15\nsg16\nI01\nssg135\n(dp253\ng10\ng11\nsg12\nI100\nsssg22\n(dp254\ng24\n((S\'app_label\'\nS\'model\'\nttp255\nsg26\nS\'django_content_type\'\np256\nsg28\nS\'\'\nsg29\ng13\nssssS\'django_evolution\'\np257\n(dp258\nS\'Evolution\'\np259\n(dp260\ng6\n(dp261\nS\'label\'\np262\n(dp263\ng10\ng11\nsg12\nI100\nssS\'version\'\np264\n(dp265\ng10\ng19\nsg20\nS\'django_evolution.Version\'\np266\nssg13\n(dp267\ng10\ng15\nsg16\nI01\nssg250\n(dp268\ng10\ng11\nsg12\nI200\nsssg22\n(dp269\ng24\n(lp270\nsg26\nS\'django_evolution\'\np271\nsg28\nS\'\'\nsg29\ng13\nsssS\'Version\'\np272\n(dp273\ng6\n(dp274\nS\'when\'\np275\n(dp276\ng10\ng78\nssg13\n(dp277\ng10\ng15\nsg16\nI01\nssS\'signature\'\np278\n(dp279\ng10\ng81\nsssg22\n(dp280\ng24\n(lp281\nsg26\nS\'django_project_version\'\np282\nsg28\nS\'\'\nsg29\ng13\nssssS\'__version__\'\np283\nI1\ns.','2009-07-09 14:57:37'),
 (8,'(dp1\nS\'lugar\'\np2\n(dp3\nS\'Departamento\'\np4\n(dp5\nS\'fields\'\np6\n(dp7\nS\'nombre\'\np8\n(dp9\nS\'field_type\'\np10\ncdjango.db.models.fields\nCharField\np11\nsS\'max_length\'\np12\nI30\nssS\'numero\'\np13\n(dp14\ng10\ncdjango.db.models.fields\nDecimalField\np15\nsS\'primary_key\'\np16\nI01\nsS\'decimal_places\'\np17\nI0\nsS\'max_digits\'\np18\nI2\nsssS\'meta\'\np19\n(dp20\nS\'unique_together\'\np21\n(lp22\nsS\'db_table\'\np23\nS\'lugar_departamento\'\np24\nsS\'db_tablespace\'\np25\nS\'\'\nsS\'pk_column\'\np26\ng13\nsssS\'Municipio\'\np27\n(dp28\ng6\n(dp29\ng8\n(dp30\ng10\ng11\nsg12\nI30\nssS\'id\'\np31\n(dp32\ng10\ncdjango.db.models.fields\nAutoField\np33\nsg16\nI01\nssS\'departamento\'\np34\n(dp35\ng10\ncdjango.db.models.fields.related\nForeignKey\np36\nsS\'related_model\'\np37\nS\'lugar.Departamento\'\np38\nsssg19\n(dp39\ng21\n(lp40\nsg23\nS\'lugar_municipio\'\np41\nsg25\nS\'\'\nsg26\ng31\nssssS\'socio_demografico\'\np42\n(dp43\nS\'Fecundidad\'\np44\n(dp45\nS\'fields\'\np46\n(dp47\nS\'natalidad\'\np48\n(dp49\nS\'field_type\'\np50\ng15\nsS\'max_digits\'\np51\nI10\nsS\'decimal_places\'\np52\nI2\nssS\'ano\'\np53\n(dp54\ng50\ng11\nsS\'max_length\'\np55\nI12\nssS\'id\'\np56\n(dp57\ng50\ng33\nsS\'primary_key\'\np58\nI01\nssS\'fecundidad\'\np59\n(dp60\ng50\ng15\nsg51\nI10\nsg52\nI2\nsssS\'meta\'\np61\n(dp62\nS\'unique_together\'\np63\n(lp64\nsS\'db_table\'\np65\nS\'socio_demografico_fecundidad\'\np66\nsS\'db_tablespace\'\np67\nS\'\'\nsS\'pk_column\'\np68\ng56\nsssS\'Esperanza\'\np69\n(dp70\ng6\n(dp71\nS\'ambos_sexos\'\np72\n(dp73\ng10\ng15\nsg18\nI10\nsg17\nI2\nssS\'ano\'\np74\n(dp75\ng10\ng11\nsg12\nI12\nssS\'mujer\'\np76\n(dp77\ng10\ng15\nsg18\nI10\nsg17\nI2\nssg31\n(dp78\ng10\ng33\nsg16\nI01\nssS\'hombre\'\np79\n(dp80\ng10\ng15\nsg18\nI10\nsg17\nI2\nsssg19\n(dp81\ng21\n(lp82\nsg23\nS\'socio_demografico_esperanza\'\np83\nsg25\nS\'\'\nsg26\ng31\nsssS\'Crecimiento\'\np84\n(dp85\ng6\n(dp86\ng74\n(dp87\ng10\ng11\nsg12\nI12\nssg31\n(dp88\ng10\ng33\nsg16\nI01\nssS\'crecimiento\'\np89\n(dp90\ng10\ng15\nsg18\nI10\nsg17\nI2\nsssg19\n(dp91\ng21\n(lp92\nsg23\nS\'socio_demografico_crecimiento\'\np93\nsg25\nS\'\'\nsg26\ng31\nssssS\'sessions\'\np94\n(dp95\nS\'Session\'\np96\n(dp97\ng6\n(dp98\nS\'session_key\'\np99\n(dp100\ng10\ng11\nsg12\nI40\nsg16\nI01\nssS\'session_data\'\np101\n(dp102\ng10\ncdjango.db.models.fields\nTextField\np103\nssS\'expire_date\'\np104\n(dp105\ng10\ncdjango.db.models.fields\nDateTimeField\np106\nsssg19\n(dp107\ng21\n(lp108\nsg23\nS\'django_session\'\np109\nsg25\nS\'\'\nsg26\ng99\nssssS\'admin\'\np110\n(dp111\nS\'LogEntry\'\np112\n(dp113\ng6\n(dp114\nS\'action_flag\'\np115\n(dp116\ng10\ncdjango.db.models.fields\nPositiveSmallIntegerField\np117\nssS\'action_time\'\np118\n(dp119\ng10\ng106\nssS\'object_repr\'\np120\n(dp121\ng10\ng11\nsg12\nI200\nssS\'object_id\'\np122\n(dp123\ng10\ng103\nsS\'null\'\np124\nI01\nssS\'change_message\'\np125\n(dp126\ng10\ng103\nssS\'user\'\np127\n(dp128\ng10\ng36\nsg37\nS\'auth.User\'\np129\nssS\'content_type\'\np130\n(dp131\ng10\ng36\nsg124\nI01\nsg37\nS\'contenttypes.ContentType\'\np132\nssg31\n(dp133\ng10\ng33\nsg16\nI01\nsssg19\n(dp134\ng21\n(lp135\nsg23\nS\'django_admin_log\'\np136\nsg25\nS\'\'\nsg26\ng31\nssssS\'django_evolution\'\np137\n(dp138\nS\'Evolution\'\np139\n(dp140\ng6\n(dp141\nS\'app_label\'\np142\n(dp143\ng10\ng11\nsg12\nI200\nssS\'version\'\np144\n(dp145\ng10\ng36\nsg37\nS\'django_evolution.Version\'\np146\nssg31\n(dp147\ng10\ng33\nsg16\nI01\nssS\'label\'\np148\n(dp149\ng10\ng11\nsg12\nI100\nsssg19\n(dp150\ng21\n(lp151\nsg23\nS\'django_evolution\'\np152\nsg25\nS\'\'\nsg26\ng31\nsssS\'Version\'\np153\n(dp154\ng6\n(dp155\nS\'when\'\np156\n(dp157\ng10\ng106\nssg31\n(dp158\ng10\ng33\nsg16\nI01\nssS\'signature\'\np159\n(dp160\ng10\ng103\nsssg19\n(dp161\ng21\n(lp162\nsg23\nS\'django_project_version\'\np163\nsg25\nS\'\'\nsg26\ng31\nssssS\'sites\'\np164\n(dp165\nS\'Site\'\np166\n(dp167\ng6\n(dp168\nS\'domain\'\np169\n(dp170\ng10\ng11\nsg12\nI100\nssg31\n(dp171\ng10\ng33\nsg16\nI01\nssS\'name\'\np172\n(dp173\ng10\ng11\nsg12\nI50\nsssg19\n(dp174\ng21\n(lp175\nsg23\nS\'django_site\'\np176\nsg25\nS\'\'\nsg26\ng31\nssssS\'auth\'\np177\n(dp178\nS\'Message\'\np179\n(dp180\ng6\n(dp181\nS\'message\'\np182\n(dp183\ng10\ng103\nssg31\n(dp184\ng10\ng33\nsg16\nI01\nssg127\n(dp185\ng10\ng36\nsg37\nS\'auth.User\'\np186\nsssg19\n(dp187\ng21\n(lp188\nsg23\nS\'auth_message\'\np189\nsg25\nS\'\'\nsg26\ng31\nsssS\'Group\'\np190\n(dp191\ng6\n(dp192\ng31\n(dp193\ng10\ng33\nsg16\nI01\nssg172\n(dp194\ng12\nI80\nsg10\ng11\nsS\'unique\'\np195\nI01\nssS\'permissions\'\np196\n(dp197\ng10\ncdjango.db.models.fields.related\nManyToManyField\np198\nsg37\nS\'auth.Permission\'\np199\nsssg19\n(dp200\ng21\n(lp201\nsg23\nS\'auth_group\'\np202\nsg25\nS\'\'\nsg26\ng31\nsssS\'User\'\np203\n(dp204\ng6\n(dp205\nS\'username\'\np206\n(dp207\ng12\nI30\nsg10\ng11\nsg195\nI01\nssS\'first_name\'\np208\n(dp209\ng10\ng11\nsg12\nI30\nssS\'last_name\'\np210\n(dp211\ng10\ng11\nsg12\nI30\nssS\'is_active\'\np212\n(dp213\ng10\ncdjango.db.models.fields\nBooleanField\np214\nssg31\n(dp215\ng10\ng33\nsg16\nI01\nssS\'is_superuser\'\np216\n(dp217\ng10\ng214\nssS\'is_staff\'\np218\n(dp219\ng10\ng214\nssS\'last_login\'\np220\n(dp221\ng10\ng106\nssS\'groups\'\np222\n(dp223\ng10\ng198\nsg37\nS\'auth.Group\'\np224\nssS\'user_permissions\'\np225\n(dp226\ng10\ng198\nsg37\nS\'auth.Permission\'\np227\nssS\'password\'\np228\n(dp229\ng10\ng11\nsg12\nI128\nssS\'email\'\np230\n(dp231\ng10\ncdjango.db.models.fields\nEmailField\np232\nsg12\nI75\nssS\'date_joined\'\np233\n(dp234\ng10\ng106\nsssg19\n(dp235\ng21\n(lp236\nsg23\nS\'auth_user\'\np237\nsg25\nS\'\'\nsg26\ng31\nsssS\'Permission\'\np238\n(dp239\ng6\n(dp240\nS\'codename\'\np241\n(dp242\ng10\ng11\nsg12\nI100\nssg31\n(dp243\ng10\ng33\nsg16\nI01\nssg130\n(dp244\ng10\ng36\nsg37\nS\'contenttypes.ContentType\'\np245\nssg172\n(dp246\ng10\ng11\nsg12\nI50\nsssg19\n(dp247\ng21\n((S\'content_type\'\nS\'codename\'\nttp248\nsg23\nS\'auth_permission\'\np249\nsg25\nS\'\'\nsg26\ng31\nssssS\'demografico\'\np250\n(dp251\nS\'Poblacion\'\np252\n(dp253\ng6\n(dp254\ng74\n(dp255\ng10\ncdjango.db.models.fields\nIntegerField\np256\nsg12\nI5\nssS\'urbano_ambos_sexos\'\np257\n(dp258\ng10\ng256\nsg12\nI10\nssS\'urbano_hombre\'\np259\n(dp260\ng10\ng256\nsg12\nI10\nssS\'rural_hombre\'\np261\n(dp262\ng10\ng256\nsg12\nI10\nssS\'total_ambos_sexos\'\np263\n(dp264\ng10\ng256\nsg12\nI10\nssS\'total_mujer\'\np265\n(dp266\ng10\ng256\nsg12\nI10\nssg34\n(dp267\ng10\ng36\nsg37\nS\'lugar.Departamento\'\np268\nssS\'total_hombre\'\np269\n(dp270\ng10\ng256\nsg12\nI10\nssS\'rural_ambos_sexos\'\np271\n(dp272\ng10\ng256\nsg12\nI10\nssS\'rural_mujer\'\np273\n(dp274\ng10\ng256\nsg12\nI10\nssS\'urbano_mujer\'\np275\n(dp276\ng10\ng256\nsg12\nI10\nssg31\n(dp277\ng10\ng33\nsg16\nI01\nsssg19\n(dp278\ng21\n(lp279\nsg23\nS\'demografico_poblacion\'\np280\nsg25\nS\'\'\nsg26\ng31\nssssS\'contenttypes\'\np281\n(dp282\nS\'ContentType\'\np283\n(dp284\ng6\n(dp285\nS\'model\'\np286\n(dp287\ng10\ng11\nsg12\nI100\nssg31\n(dp288\ng10\ng33\nsg16\nI01\nssg172\n(dp289\ng10\ng11\nsg12\nI100\nssg142\n(dp290\ng10\ng11\nsg12\nI100\nsssg19\n(dp291\ng21\n((S\'app_label\'\nS\'model\'\nttp292\nsg23\nS\'django_content_type\'\np293\nsg25\nS\'\'\nsg26\ng31\nssssS\'economico\'\np294\n(dp295\nS\'Exportacion\'\np296\n(dp297\ng6\n(dp298\ng74\n(dp299\ng10\ng256\nsg12\nI5\nssg31\n(dp300\ng10\ng33\nsg16\nI01\nssS\'mes\'\np301\n(dp302\ng10\ng256\nsg12\nI2\nssS\'fob\'\np303\n(dp304\ng10\ng15\nsg18\nI10\nsg17\nI2\nsssg19\n(dp305\ng21\n(lp306\nsg23\nS\'economico_exportacion\'\np307\nsg25\nS\'\'\nsg26\ng31\nssssS\'__version__\'\np308\nI1\ns.','2009-07-09 15:02:28');
UNLOCK TABLES;
/*!40000 ALTER TABLE `django_project_version` ENABLE KEYS */;


--
-- Definition of table `sissan`.`django_session`
--

DROP TABLE IF EXISTS `sissan`.`django_session`;
CREATE TABLE  `sissan`.`django_session` (
  `session_key` varchar(40) NOT NULL,
  `session_data` longtext NOT NULL,
  `expire_date` datetime NOT NULL,
  PRIMARY KEY  (`session_key`)
) ENGINE=MyISAM DEFAULT CHARSET=latin1;

--
-- Dumping data for table `sissan`.`django_session`
--

/*!40000 ALTER TABLE `django_session` DISABLE KEYS */;
LOCK TABLES `django_session` WRITE;
INSERT INTO `sissan`.`django_session` VALUES  ('53d1f2ca1d28358d74939bd942798c6f','gAJ9cQEoVRJfYXV0aF91c2VyX2JhY2tlbmRxAlUpZGphbmdvLmNvbnRyaWIuYXV0aC5iYWNrZW5k\ncy5Nb2RlbEJhY2tlbmRxA1UNX2F1dGhfdXNlcl9pZHEEigEBdS45NjRmNGViMWE2ZWQxNDczODgz\nMTI4YmY2MjVkZTBjMA==\n','2009-07-16 16:31:48'),
 ('2e27434ae910d72f1530c30a4da15a3c','gAJ9cQEoVRJfYXV0aF91c2VyX2JhY2tlbmRxAlUpZGphbmdvLmNvbnRyaWIuYXV0aC5iYWNrZW5k\ncy5Nb2RlbEJhY2tlbmRxA1UNX2F1dGhfdXNlcl9pZHEEigEBdS45NjRmNGViMWE2ZWQxNDczODgz\nMTI4YmY2MjVkZTBjMA==\n','2009-07-21 17:13:57');
UNLOCK TABLES;
/*!40000 ALTER TABLE `django_session` ENABLE KEYS */;


--
-- Definition of table `sissan`.`django_site`
--

DROP TABLE IF EXISTS `sissan`.`django_site`;
CREATE TABLE  `sissan`.`django_site` (
  `id` int(11) NOT NULL auto_increment,
  `domain` varchar(100) NOT NULL,
  `name` varchar(50) NOT NULL,
  PRIMARY KEY  (`id`)
) ENGINE=MyISAM AUTO_INCREMENT=2 DEFAULT CHARSET=latin1;

--
-- Dumping data for table `sissan`.`django_site`
--

/*!40000 ALTER TABLE `django_site` DISABLE KEYS */;
LOCK TABLES `django_site` WRITE;
INSERT INTO `sissan`.`django_site` VALUES  (1,'example.com','example.com');
UNLOCK TABLES;
/*!40000 ALTER TABLE `django_site` ENABLE KEYS */;


--
-- Definition of table `sissan`.`economico_exportacion`
--

DROP TABLE IF EXISTS `sissan`.`economico_exportacion`;
CREATE TABLE  `sissan`.`economico_exportacion` (
  `id` int(11) NOT NULL auto_increment,
  `ano` int(11) NOT NULL,
  `mes` int(11) NOT NULL,
  `fob` decimal(10,2) NOT NULL,
  PRIMARY KEY  (`id`)
) ENGINE=MyISAM AUTO_INCREMENT=186 DEFAULT CHARSET=latin1;

--
-- Dumping data for table `sissan`.`economico_exportacion`
--

/*!40000 ALTER TABLE `economico_exportacion` DISABLE KEYS */;
LOCK TABLES `economico_exportacion` WRITE;
INSERT INTO `sissan`.`economico_exportacion` VALUES  (2,1994,1,'27.00'),
 (3,1994,2,'28.70'),
 (4,1994,3,'36.50'),
 (5,1994,4,'27.30'),
 (6,1994,5,'36.90'),
 (7,1994,6,'25.60'),
 (8,1994,7,'22.10'),
 (9,1994,8,'23.40'),
 (10,1994,9,'28.00'),
 (11,1994,10,'19.80'),
 (12,1994,11,'21.60'),
 (13,1994,12,'37.70'),
 (14,1995,1,'51.70'),
 (15,1995,2,'34.60'),
 (16,1995,3,'58.20'),
 (17,1995,4,'38.20'),
 (18,1995,5,'50.40'),
 (19,1995,6,'35.00'),
 (20,1995,7,'31.80'),
 (21,1995,8,'35.00'),
 (22,1995,9,'29.20'),
 (23,1995,10,'26.60'),
 (24,1995,11,'31.30'),
 (25,1995,12,'44.00'),
 (26,1996,1,'48.40'),
 (27,1996,2,'57.00'),
 (28,1996,3,'54.80'),
 (29,1996,4,'46.00'),
 (30,1996,5,'49.40'),
 (31,1996,6,'35.80'),
 (32,1996,7,'26.70'),
 (33,1996,8,'26.00'),
 (34,1996,9,'24.70'),
 (35,1996,10,'27.30'),
 (36,1996,11,'31.50'),
 (37,1996,12,'38.80'),
 (38,1997,1,'49.60'),
 (39,1997,2,'58.80'),
 (40,1997,3,'61.50'),
 (41,1997,4,'54.80'),
 (42,1997,5,'53.90'),
 (43,1997,6,'41.30'),
 (44,1997,7,'46.80'),
 (45,1997,8,'39.40'),
 (46,1997,9,'41.60');
INSERT INTO `sissan`.`economico_exportacion` VALUES  (47,1997,10,'38.00'),
 (48,1997,11,'44.20'),
 (49,1997,12,'46.80'),
 (50,1998,1,'66.30'),
 (51,1998,2,'69.20'),
 (52,1998,3,'64.10'),
 (53,1998,4,'64.60'),
 (54,1998,5,'52.60'),
 (55,1998,6,'40.80'),
 (56,1998,7,'44.40'),
 (57,1998,8,'39.60'),
 (58,1998,9,'33.70'),
 (59,1998,10,'33.60'),
 (60,1998,11,'24.50'),
 (61,1998,12,'39.80'),
 (62,1999,1,'45.70'),
 (63,1999,2,'61.60'),
 (64,1999,3,'53.10'),
 (65,1999,4,'53.20'),
 (66,1999,5,'59.00'),
 (67,1999,6,'41.50'),
 (68,1999,7,'41.90'),
 (69,1999,8,'33.60'),
 (70,1999,9,'29.70'),
 (71,1999,10,'31.80'),
 (72,1999,11,'44.50'),
 (73,1999,12,'50.50'),
 (74,2000,1,'46.50'),
 (75,2000,2,'78.30'),
 (76,2000,3,'73.60'),
 (77,2000,4,'53.00'),
 (78,2000,5,'61.20'),
 (79,2000,6,'48.40'),
 (80,2000,7,'52.80'),
 (81,2000,8,'40.40'),
 (82,2000,9,'44.30'),
 (83,2000,10,'43.90'),
 (84,2000,11,'57.10'),
 (85,2000,12,'43.30'),
 (86,2001,1,'52.10'),
 (87,2001,2,'47.70'),
 (88,2001,3,'65.80'),
 (89,2001,4,'56.60'),
 (90,2001,5,'71.00');
INSERT INTO `sissan`.`economico_exportacion` VALUES  (91,2001,6,'50.10'),
 (92,2001,7,'45.90'),
 (93,2001,8,'46.90'),
 (94,2001,9,'40.10'),
 (95,2001,10,'41.00'),
 (96,2001,11,'36.30'),
 (97,2001,12,'35.90'),
 (98,2002,1,'40.00'),
 (99,2002,2,'53.00'),
 (100,2002,3,'58.60'),
 (101,2002,4,'57.30'),
 (102,2002,5,'47.00'),
 (103,2002,6,'39.70'),
 (104,2002,7,'40.70'),
 (105,2002,8,'52.60'),
 (106,2002,9,'43.20'),
 (107,2002,10,'45.40'),
 (108,2002,11,'41.30'),
 (109,2002,12,'39.90'),
 (110,2003,1,'46.60'),
 (111,2003,2,'55.70'),
 (112,2003,3,'52.00'),
 (113,2003,4,'57.70'),
 (114,2003,5,'50.20'),
 (115,2003,6,'44.10'),
 (116,2003,7,'49.20'),
 (117,2003,8,'50.70'),
 (118,2003,9,'49.30'),
 (119,2003,10,'51.90'),
 (120,2003,11,'50.40'),
 (121,2003,12,'53.10'),
 (122,2004,1,'53.90'),
 (123,2004,2,'62.90'),
 (124,2004,3,'69.20'),
 (125,2004,4,'69.80'),
 (126,2004,5,'66.50'),
 (127,2004,6,'61.50'),
 (128,2004,7,'60.80'),
 (129,2004,8,'67.80'),
 (130,2004,9,'58.90'),
 (131,2004,10,'61.70'),
 (132,2004,11,'56.80'),
 (133,2004,12,'70.00');
INSERT INTO `sissan`.`economico_exportacion` VALUES  (134,2005,1,'65.30'),
 (135,2005,2,'75.10'),
 (136,2005,3,'80.40'),
 (137,2005,4,'75.30'),
 (138,2005,5,'73.20'),
 (139,2005,6,'70.90'),
 (140,2005,7,'67.20'),
 (141,2005,8,'79.40'),
 (142,2005,9,'69.00'),
 (143,2005,10,'67.20'),
 (144,2005,11,'64.90'),
 (145,2005,12,'78.10'),
 (146,2006,1,'72.60'),
 (147,2006,2,'79.60'),
 (148,2006,3,'99.30'),
 (149,2006,4,'84.10'),
 (150,2006,5,'102.30'),
 (151,2006,6,'95.60'),
 (152,2006,7,'77.10'),
 (153,2006,8,'90.30'),
 (154,2006,9,'80.00'),
 (155,2006,10,'89.00'),
 (156,2006,11,'86.90'),
 (157,2006,12,'93.10'),
 (158,2007,1,'90.70'),
 (159,2007,2,'96.60'),
 (160,2007,3,'122.30'),
 (161,2007,4,'94.90'),
 (162,2007,5,'106.00'),
 (163,2007,6,'110.00'),
 (164,2007,7,'105.00'),
 (165,2007,8,'103.10'),
 (166,2007,9,'93.30'),
 (167,2007,10,'101.30'),
 (168,2007,11,'99.30'),
 (169,2007,12,'102.40'),
 (170,2008,1,'120.30'),
 (171,2008,2,'130.00'),
 (172,2008,3,'148.70'),
 (173,2008,4,'152.40'),
 (174,2008,5,'112.80'),
 (175,2008,6,'148.30');
INSERT INTO `sissan`.`economico_exportacion` VALUES  (176,2008,7,'129.40'),
 (177,2008,8,'135.60'),
 (178,2008,9,'119.60'),
 (179,2008,10,'116.90'),
 (180,2008,11,'84.80'),
 (181,2008,12,'89.80'),
 (182,2009,1,'94.90'),
 (183,2009,2,'116.80'),
 (184,2009,3,'143.40'),
 (185,2009,4,'114.80');
UNLOCK TABLES;
/*!40000 ALTER TABLE `economico_exportacion` ENABLE KEYS */;


--
-- Definition of table `sissan`.`lugar_departamento`
--

DROP TABLE IF EXISTS `sissan`.`lugar_departamento`;
CREATE TABLE  `sissan`.`lugar_departamento` (
  `nombre` varchar(30) NOT NULL,
  `numero` decimal(2,0) NOT NULL,
  PRIMARY KEY  (`numero`)
) ENGINE=MyISAM DEFAULT CHARSET=latin1;

--
-- Dumping data for table `sissan`.`lugar_departamento`
--

/*!40000 ALTER TABLE `lugar_departamento` DISABLE KEYS */;
LOCK TABLES `lugar_departamento` WRITE;
INSERT INTO `sissan`.`lugar_departamento` VALUES  ('Chinandega','30'),
 ('Nueva Segovia','5'),
 ('Jinotega','10'),
 ('Madriz','20'),
 ('Esteli','25'),
 ('Leon','35'),
 ('Matagalpa','40'),
 ('Boaco','50'),
 ('Managua','55'),
 ('Masaya','60'),
 ('Chontales','65'),
 ('Granada ','70'),
 ('Carazo','75'),
 ('Rivas','80'),
 ('Rio San Juan','85'),
 ('RAAN','91'),
 ('RAAS','93');
UNLOCK TABLES;
/*!40000 ALTER TABLE `lugar_departamento` ENABLE KEYS */;


--
-- Definition of table `sissan`.`lugar_municipio`
--

DROP TABLE IF EXISTS `sissan`.`lugar_municipio`;
CREATE TABLE  `sissan`.`lugar_municipio` (
  `id` int(11) NOT NULL auto_increment,
  `nombre` varchar(30) NOT NULL,
  `departamento_id` decimal(2,0) NOT NULL,
  PRIMARY KEY  (`id`),
  KEY `lugar_municipio_departamento_id` (`departamento_id`)
) ENGINE=MyISAM DEFAULT CHARSET=latin1;

--
-- Dumping data for table `sissan`.`lugar_municipio`
--

/*!40000 ALTER TABLE `lugar_municipio` DISABLE KEYS */;
LOCK TABLES `lugar_municipio` WRITE;
UNLOCK TABLES;
/*!40000 ALTER TABLE `lugar_municipio` ENABLE KEYS */;


--
-- Definition of table `sissan`.`socio_demografico_crecimiento`
--

DROP TABLE IF EXISTS `sissan`.`socio_demografico_crecimiento`;
CREATE TABLE  `sissan`.`socio_demografico_crecimiento` (
  `id` int(11) NOT NULL auto_increment,
  `ano` varchar(12) NOT NULL,
  `crecimiento` decimal(10,2) NOT NULL,
  PRIMARY KEY  (`id`)
) ENGINE=MyISAM AUTO_INCREMENT=61 DEFAULT CHARSET=latin1;

--
-- Dumping data for table `sissan`.`socio_demografico_crecimiento`
--

/*!40000 ALTER TABLE `socio_demografico_crecimiento` DISABLE KEYS */;
LOCK TABLES `socio_demografico_crecimiento` WRITE;
INSERT INTO `sissan`.`socio_demografico_crecimiento` VALUES  (60,'2045-2050','0.70'),
 (59,'2040-2045','0.80'),
 (58,'2035-2040','0.90'),
 (57,'2030-2035','1.00'),
 (56,'2025-2030','1.30'),
 (55,'2020-2025','1.50'),
 (54,'2015-2020','1.70'),
 (53,'2010-2015','1.80'),
 (52,'2005-2010','1.90'),
 (51,'2000-2005','2.00'),
 (50,'1995-2000','2.00'),
 (49,'1990-1995','2.50'),
 (48,'1985-1990','2.30'),
 (47,'1980-1985','2.80'),
 (46,'1975-1980','3.10'),
 (45,'1970-1975','3.30'),
 (44,'1965-1970','3.20'),
 (43,'1960-1965','3.20'),
 (42,'1955-1960','3.10'),
 (41,'1950-1955','3.00');
UNLOCK TABLES;
/*!40000 ALTER TABLE `socio_demografico_crecimiento` ENABLE KEYS */;


--
-- Definition of table `sissan`.`socio_demografico_esperanza`
--

DROP TABLE IF EXISTS `sissan`.`socio_demografico_esperanza`;
CREATE TABLE  `sissan`.`socio_demografico_esperanza` (
  `id` int(11) NOT NULL auto_increment,
  `ano` varchar(12) NOT NULL,
  `ambos_sexos` decimal(10,2) NOT NULL,
  `mujer` decimal(10,2) NOT NULL,
  `hombre` decimal(10,2) NOT NULL,
  PRIMARY KEY  (`id`)
) ENGINE=MyISAM AUTO_INCREMENT=25 DEFAULT CHARSET=latin1;

--
-- Dumping data for table `sissan`.`socio_demografico_esperanza`
--

/*!40000 ALTER TABLE `socio_demografico_esperanza` DISABLE KEYS */;
LOCK TABLES `socio_demografico_esperanza` WRITE;
INSERT INTO `sissan`.`socio_demografico_esperanza` VALUES  (18,'1975-1980','57.65','60.00','55.29'),
 (17,'1970-1975','55.26','56.81','53.70'),
 (16,'1965-1970','51.96','53.41','50.51'),
 (15,'1960-1965','48.66','50.00','47.31'),
 (14,'1955-1960','45.44','46.76','44.11'),
 (13,'1950-1955','42.31','43.73','40.89'),
 (19,'1980-1985','59.54','62.61','56.46'),
 (20,'1985-1990','62.25','65.50','59.00'),
 (21,'1990-1995','66.12','68.70','63.53'),
 (22,'1995-2000','63.51','70.36','56.65'),
 (23,'2000-2005','69.54','71.92','67.15'),
 (24,'2005-2010','71.07','73.48','68.65');
UNLOCK TABLES;
/*!40000 ALTER TABLE `socio_demografico_esperanza` ENABLE KEYS */;


--
-- Definition of table `sissan`.`socio_demografico_fecundidad`
--

DROP TABLE IF EXISTS `sissan`.`socio_demografico_fecundidad`;
CREATE TABLE  `sissan`.`socio_demografico_fecundidad` (
  `id` int(11) NOT NULL auto_increment,
  `ano` varchar(12) NOT NULL,
  `fecundidad` decimal(10,2) NOT NULL,
  `natalidad` decimal(10,2) NOT NULL,
  PRIMARY KEY  (`id`)
) ENGINE=MyISAM AUTO_INCREMENT=42 DEFAULT CHARSET=latin1;

--
-- Dumping data for table `sissan`.`socio_demografico_fecundidad`
--

/*!40000 ALTER TABLE `socio_demografico_fecundidad` DISABLE KEYS */;
LOCK TABLES `socio_demografico_fecundidad` WRITE;
INSERT INTO `sissan`.`socio_demografico_fecundidad` VALUES  (41,'2010-2015','0.00','22.56'),
 (40,'2005-2010','2.99','27.24'),
 (39,'2000-2005','3.30','29.09'),
 (38,'1995-2000','3.90','32.45'),
 (37,'1990-1995','4.60','36.05'),
 (36,'1985-1990','5.20','0.00'),
 (35,'1980-1985','6.00','0.00'),
 (34,'1975-1980','6.40','0.00'),
 (33,'1970-1975','6.79','0.00'),
 (32,'1965-1970','7.10','0.00'),
 (31,'1960-1965','7.33','0.00'),
 (30,'1955-1960','7.33','0.00'),
 (29,'1950-1955','7.33','0.00');
UNLOCK TABLES;
/*!40000 ALTER TABLE `socio_demografico_fecundidad` ENABLE KEYS */;




/*!40101 SET SQL_MODE=@OLD_SQL_MODE */;
/*!40014 SET FOREIGN_KEY_CHECKS=@OLD_FOREIGN_KEY_CHECKS */;
/*!40014 SET UNIQUE_CHECKS=@OLD_UNIQUE_CHECKS */;
/*!40101 SET CHARACTER_SET_CLIENT=@OLD_CHARACTER_SET_CLIENT */;
/*!40101 SET CHARACTER_SET_RESULTS=@OLD_CHARACTER_SET_RESULTS */;
/*!40101 SET COLLATION_CONNECTION=@OLD_COLLATION_CONNECTION */;
/*!40101 SET CHARACTER_SET_CLIENT=@OLD_CHARACTER_SET_CLIENT */;
